,gss_code,group,tw_count,tw_neg_count,tw_neg_ratio,sentiment,sent_vader,sentpos_tfidflr,shannon
0,E05000405,H,1769,28,0.01582815149802148,1.2696438665912946,0.42768518937252686,0.7813571128948289,0.80466564009948
1,E05000414,C,994,19,0.019114688128772636,1.091549295774648,0.1656970824949698,0.7432062424231323,1.479764297474392
2,E05000401,F,555,11,0.01981981981981982,1.1153153153153152,0.2770517117117117,0.7389340783761456,1.5754604128289134
3,E05000400,H,475,7,0.014736842105263158,1.1957894736842105,0.3348667368421053,0.7546903144921691,1.164801276155267
4,E05000402,F,1579,41,0.025965801139962,1.130462317922736,0.25550075997466754,0.7263127278266278,1.4067236947798163
5,E05000406,F,1387,18,0.012977649603460706,1.179524152847873,0.35762242249459264,0.7621105910396034,1.652746785783503
6,E05000404,A,195,2,0.010256410256410256,1.2666666666666666,0.4034430769230769,0.7773080626249677,0.8144442357333948
7,E05000413,F,560,10,0.017857142857142856,1.1714285714285715,0.3262946428571429,0.7478554230263288,1.2725343648153402
8,E05000410,H,99,0,0.0,1.2323232323232323,0.3786737373737374,0.782895575742593,1.117462860446401
9,E05000412,D,1745,23,0.013180515759312322,1.2108882521489972,0.3423193123209169,0.7587864466535671,1.23916760738451
10,E05000408,F,8875,88,0.009915492957746479,1.1871549295774648,0.3415298704225352,0.7666762402164279,1.2663856042561386
11,E05000403,F,1522,23,0.015111695137976347,1.1865965834428385,0.3982473718791064,0.7631213647016402,0.976416513447304
12,E05000409,G,3389,47,0.013868397757450576,1.2215992918264975,0.3685826792564178,0.7509471577715671,1.875903618716809
13,E05000407,H,143,1,0.006993006993006993,1.2377622377622377,0.33915174825174826,0.7742871909258132,1.1743548802359638
14,E05000411,H,219,4,0.0182648401826484,1.1735159817351597,0.3709187214611872,0.7452358625091394,1.0859839236730415
15,E05000415,F,414,3,0.007246376811594203,1.2270531400966185,0.35913091787439616,0.7714246649622798,0.9239088809656754
16,E05000150,H,299,1,0.0033444816053511705,1.2307692307692308,0.33863745819397995,0.7452883650787323,0.5847161491443458
17,E05000162,H,421,5,0.011876484560570071,1.2660332541567696,0.386029216152019,0.7684490705098098,0.12693054534140227
18,E05000151,H,1156,12,0.010380622837370242,1.2923875432525953,0.40299705882352943,0.7893526392257117,0.7445004066120595
19,E05000167,A,9207,165,0.017921146953405017,1.1767133702617574,0.3734335940045617,0.7404013637416216,1.4340691330908322
20,E05000156,H,474,6,0.012658227848101266,1.2320675105485233,0.45738565400843884,0.7665341494765138,1.048548943220102
21,E05000159,H,1870,37,0.019786096256684493,1.250802139037433,0.44094957219251335,0.7747595162427369,1.5067429868924416
22,E05000160,H,247,2,0.008097165991902834,1.2064777327935223,0.365234008097166,0.7744378451918097,0.5366645624845252
23,E05000155,A,693,8,0.011544011544011544,1.2712842712842713,0.4603692640692641,0.7829700922198121,0.9847544370464751
24,E05000153,F,9761,174,0.017826042413687123,1.1079807396783117,0.22529691629955947,0.7175497635141345,1.7775998182072326
25,E05000149,G,2128,25,0.011748120300751879,1.143796992481203,0.28595122180451127,0.7421192110890465,1.0758588952044283
26,E05000168,C,735,26,0.03537414965986395,1.2326530612244897,0.31585673469387754,0.7290183294553096,0.7484722321082485
27,E05000148,C,747,19,0.025435073627844713,1.1017402945113788,0.18777389558232932,0.6925602022962248,0.8487531331733926
28,E05000158,C,527,16,0.030360531309297913,1.1518026565464896,0.2641273244781784,0.7290059699405815,0.9320152138148978
29,E05000157,A,612,1,0.0016339869281045752,1.2303921568627452,0.3623029411764706,0.8373057615430022,0.3179367802622418
30,E05000152,F,1481,38,0.025658338960162053,1.188386225523295,0.19921924375422012,0.7538254277000165,1.6034715495582728
31,E05000154,A,40,0,0.0,1.175,0.34394,0.6868213069851019,0.43749495735702343
32,E05000163,H,241,3,0.012448132780082987,1.2655601659751037,0.3458008298755187,0.7982462334971743,1.1881878836279212
33,E05000161,G,1884,26,0.013800424628450107,1.1815286624203822,0.3292880573248408,0.7534854007834061,1.0772960644022005
34,E05000147,A,796,21,0.026381909547738693,1.135678391959799,0.21923329145728643,0.7281421276289516,1.1388418936665923
35,E05000169,A,783,21,0.02681992337164751,1.1992337164750957,0.39575312899106,0.7389786570869586,0.9345168065308486
36,E05000165,G,302,7,0.023178807947019868,1.076158940397351,0.27652350993377484,0.673496230440769,1.0712001063513301
37,E05000166,E,1795,18,0.010027855153203343,1.2122562674094708,0.43827721448467966,0.7770625625018952,1.673156037902837
38,E05000164,E,2567,68,0.026490066225165563,1.151928320997273,0.2831052590572653,0.7222073516875683,1.5865572450074497
39,E05000146,A,710,12,0.016901408450704224,1.1183098591549296,0.2505969014084507,0.7248649929053291,1.670825677734137
40,E05000117,H,2011,19,0.009448035803083043,1.2058677274987568,0.3230417205370463,0.7521248873742343,0.37677016125643675
41,E05000119,H,1099,17,0.015468607825295723,1.240218380345769,0.36777042766151047,0.7778500019666589,0.45010265293990304
42,E05000108,H,660,12,0.01818181818181818,1.2303030303030302,0.3705233333333333,0.7582096232183533,0.9528928420607281
43,E05000110,H,1403,22,0.015680684248039915,1.2124019957234498,0.397224091233072,0.7541829503867521,0.2873643046809562
44,E05000107,H,806,13,0.016129032258064516,1.2146401985111663,0.3337806451612903,0.7590527873278349,0.24493002679463532
45,E05000127,H,842,11,0.013064133016627079,1.2553444180522566,0.4385832541567696,0.7819918771370752,0.45274929507639283
46,E05000112,A,1183,10,0.0084530853761623,1.3415046491969569,0.44569416737109047,0.8059397222701709,1.266684975348586
47,E05000120,H,1840,20,0.010869565217391304,1.1527173913043478,0.30033141304347827,0.7303556059864441,0.9671134041663516
48,E05000118,H,551,10,0.018148820326678767,1.2232304900181488,0.3517419237749546,0.7623565068075406,0.5608217485593017
49,E05000126,H,197,9,0.04568527918781726,1.1065989847715736,0.2333766497461929,0.6898046726774134,0.6890092384766586
50,E05000109,F,5657,151,0.026692593247304226,1.1608626480466677,0.3292086088032526,0.7092144998656339,1.2930579348527167
51,E05000106,H,1108,28,0.02527075812274368,1.1859205776173285,0.4221153429602888,0.736300889030469,0.924048796791963
52,E05000124,H,2121,21,0.009900990099009901,1.2956152758132955,0.35265101367279583,0.7902725826155996,0.40619549801504845
53,E05000116,E,4740,50,0.010548523206751054,1.2088607594936709,0.3175000632911392,0.7851337291568943,1.034926899263346
54,E05000123,A,979,8,0.008171603677221655,1.3156281920326864,0.4386216547497446,0.7912366780840152,1.554352699729519
55,E05000113,F,4678,59,0.01261222744762719,1.2114151346729372,0.3721541684480547,0.7620327856494128,1.0163255602153658
56,E05000125,A,337,6,0.017804154302670624,1.1810089020771513,0.28440949554896144,0.7232900992187475,1.3602942006972207
57,E05000111,H,2303,25,0.010855405992184108,1.2071211463308729,0.3793155883630048,0.7539113592197094,0.9337200585143981
58,E05000121,A,226,2,0.008849557522123894,1.2035398230088497,0.35994646017699117,0.7522891493089943,0.7062573359732531
59,E05000122,H,1448,15,0.010359116022099447,1.238950276243094,0.4697575966850829,0.7669455022524768,0.8819894074754738
60,E05000115,A,158,4,0.02531645569620253,1.1962025316455696,0.45465696202531647,0.7369557869359408,0.5519322617147078
61,E05000114,A,425,7,0.01647058823529412,1.2047058823529413,0.3307294117647059,0.7579005718788104,0.7971866260127495
62,E05000346,A,822,32,0.038929440389294405,1.1119221411192215,0.2488962287104623,0.6768896550607966,1.2484910535289893
63,E05000353,A,452,5,0.011061946902654867,1.2013274336283186,0.39174137168141593,0.7568744891103487,1.0680867489055506
64,E05000350,C,3702,78,0.02106969205834684,1.0459211237169097,0.15115399783900593,0.7052271406351048,0.6267662772684035
65,E05000364,G,2576,48,0.018633540372670808,1.218944099378882,0.3724481366459627,0.7640177084298999,1.7801062359993702
66,E05000357,C,547,19,0.03473491773308958,1.1151736745886653,0.30392833638025596,0.7195473477700107,0.6267662772684035
67,E05000356,C,136,10,0.07352941176470588,1.1323529411764706,0.31513970588235296,0.6928242675800095,0.45710229325542967
68,E05000363,C,4137,180,0.043509789702683106,1.1041817742325357,0.24729787285472565,0.6796541850175736,0.6190986502224769
69,E05000347,G,3496,65,0.018592677345537757,1.1367276887871853,0.3034367562929062,0.7343131562797723,1.675989341221108
70,E05000348,F,4520,48,0.010619469026548672,1.153982300884956,0.2755904424778761,0.7570258211455941,0.9881292015968504
71,E05000352,A,251,5,0.0199203187250996,1.1155378486055778,0.16464820717131473,0.7233532336604592,1.4515468652164976
72,E05000354,A,773,13,0.016817593790426907,1.238033635187581,0.3778078913324709,0.7744513873129217,1.3302817880405575
73,E05000351,C,317,7,0.022082018927444796,1.0977917981072556,0.21670914826498422,0.7166828041035824,1.1212841880772717
74,E05000359,C,1728,68,0.03935185185185185,1.1637731481481481,0.3741258101851852,0.6926620667123067,0.5297061990576545
75,E05000361,C,6686,742,0.11097816332635357,0.958121447801376,0.07064482500747832,0.530898163343259,0.45056120886630463
76,E05000355,C,364,3,0.008241758241758242,1.2032967032967032,0.36080274725274725,0.7646706177116211,0.24493002679463532
77,E05000360,C,1146,25,0.02181500872600349,1.2050610820244327,0.3765910994764398,0.7514321636766863,0.8393377485790241
78,E05000362,A,1178,53,0.04499151103565365,1.037351443123939,0.05617190152801358,0.5954169380203236,1.703908278208079
79,E05000358,C,1931,84,0.04350077679958571,1.090108751941999,0.2384815121698602,0.6528387339789217,0.9340711601999958
80,E05000349,F,6481,51,0.007869155994445301,1.2474926708841227,0.4452923468600525,0.7676749217301575,0.8863977566575235
81,E05000365,F,4169,44,0.010554089709762533,1.2729671384024945,0.3981434396737827,0.7888865652556111,1.3151596559151355
82,E05000186,C,837,60,0.07168458781362007,1.066905615292712,0.18410346475507766,0.6133848633564312,0.8060037320631861
83,E05000190,C,956,61,0.06380753138075314,1.1244769874476988,0.2813171548117155,0.6686447925020926,0.23921709381651282
84,E05000185,G,241,1,0.004149377593360996,1.1618257261410787,0.3739161825726141,0.7451633598497446,0.9578099631725338
85,E05000172,C,195,2,0.010256410256410256,1.1435897435897435,0.3831528205128205,0.7115153756570947,0.7529746827658885
86,E05000177,G,398,13,0.032663316582914576,1.1482412060301508,0.2981605527638191,0.7438882891897554,0.7730166344837106
87,E05000183,C,842,12,0.014251781472684086,1.0985748218527316,0.23908752969121141,0.7298929345483512,0.336495757583516
88,E05000182,F,2959,54,0.018249408583981074,1.1882392700236566,0.40558624535315985,0.7363087155346463,1.0098413568786238
89,E05000175,G,2986,40,0.013395847287340924,1.1647689216342934,0.30526724715338244,0.7471513404279432,1.3441188669822974
90,E05000189,C,682,13,0.01906158357771261,1.183284457478006,0.3539146627565982,0.7518950550497502,0.0
91,E05000176,G,5127,104,0.020284766920226252,1.159937585332553,0.3209154281256095,0.7287859939890704,1.515675110975761
92,E05000192,F,1475,12,0.008135593220338983,1.2176271186440677,0.3404082033898305,0.7725428379385761,1.3607719413861548
93,E05000181,C,177,4,0.022598870056497175,1.192090395480226,0.3029225988700565,0.7127171751916839,0.0
94,E05000184,G,300,2,0.006666666666666667,1.1466666666666667,0.315518,0.7443545055980142,0.8834002897987432
95,E05000180,G,203,3,0.014778325123152709,1.2019704433497538,0.3070950738916256,0.7445990367966793,1.3301423392448073
96,E05000171,F,699,9,0.012875536480686695,1.1716738197424894,0.35546251788268957,0.7461096902292278,1.2530673112844117
97,E05000178,C,548,6,0.010948905109489052,1.1843065693430657,0.2763244525547445,0.7636878018542272,0.620703856814176
98,E05000187,C,676,6,0.008875739644970414,1.113905325443787,0.24288254437869822,0.7483479195811353,0.4570445330375596
99,E05000174,F,1906,38,0.01993704092339979,1.1463798530954878,0.2607837355718783,0.7359945005114056,1.647806121382577
100,E05000173,F,3694,37,0.010016242555495398,1.15836491608013,0.31123202490525176,0.7549472859921048,1.1793671364180196
101,E05000188,G,1434,25,0.017433751743375175,1.196652719665272,0.3091594142259414,0.7536590459638475,1.4383690589892528
102,E05000191,F,1457,39,0.026767330130404943,1.144818119423473,0.25539375428963623,0.717001635371665,0.9417418990785981
103,E05000170,E,1896,32,0.016877637130801686,1.2035864978902955,0.36411160337552745,0.7558279515671642,1.35352027383186
104,E05000179,C,716,14,0.019553072625698324,1.1201117318435754,0.2647178770949721,0.7305157023327136,1.4787095139397701
105,E05000323,H,1921,29,0.015096304008328995,1.2269651223321187,0.3982535137948985,0.7617341798602865,0.11690684913753106
106,E05000318,H,617,4,0.006482982171799027,1.213938411669368,0.3870982171799028,0.7394773194000271,0.6917614988524178
107,E05000321,A,361,2,0.00554016620498615,1.1939058171745152,0.26662659279778395,0.7785034458540414,0.7748620283475025
108,E05000308,A,357,6,0.01680672268907563,1.1036414565826331,0.2910291316526611,0.7512506729132132,0.6881388137135884
109,E05000306,A,704,8,0.011363636363636364,1.1392045454545454,0.31173480113636365,0.7271476466566268,0.6186031792522895
110,E05000319,A,6132,50,0.008153946510110893,1.2632093933463795,0.43995662100456623,0.7867196006989156,1.4692173886627975
111,E05000316,A,326,2,0.006134969325153374,1.2607361963190185,0.2903665644171779,0.7967420594002322,0.6928497090635346
112,E05000317,H,528,17,0.032196969696969696,1.1988636363636365,0.2991,0.7300977995576289,0.49029326913593657
113,E05000311,H,1120,22,0.019642857142857142,1.2035714285714285,0.3795355357142857,0.753820963586873,0.5272482785913567
114,E05000320,H,2294,14,0.006102877070619006,1.2436791630340016,0.43052842197035746,0.7756038039216592,0.689924198327583
115,E05000309,H,265,4,0.01509433962264151,1.2150943396226415,0.352431320754717,0.7723320675606936,0.25864093210673234
116,E05000322,H,363,14,0.03856749311294766,1.1763085399449036,0.2664013774104683,0.7071477151651221,1.0146414328585864
117,E05000312,H,630,13,0.020634920634920634,1.1984126984126984,0.3766090476190476,0.7482672565328945,0.982981564790238
118,E05000307,H,200,14,0.07,1.085,0.160591,0.6742609093880337,0.4822459273311376
119,E05000313,A,425,11,0.02588235294117647,1.2611764705882353,0.4016510588235294,0.7804900443703251,0.6785008770139085
120,E05000314,A,95,5,0.05263157894736842,1.0842105263157895,0.1947936842105263,0.6430028823864711,0.2617644829090154
121,E05000310,A,466,19,0.0407725321888412,1.1866952789699572,0.3322763948497854,0.7326962521959042,0.4433066914680872
122,E05000315,H,717,38,0.05299860529986053,1.1171548117154813,0.24620041841004184,0.6952245126519758,0.4293230219306162
123,E05000331,C,54688,956,0.01748098303101229,1.0589160327677003,0.25554400965476887,0.7046417588666212,1.005200351983773
124,E05000330,A,529,7,0.013232514177693762,1.173913043478261,0.32607202268431,0.7465985206055388,0.7474359091744861
125,E05000342,A,434,9,0.020737327188940093,1.1382488479262673,0.3623887096774194,0.7313996946999523,1.2934524852131672
126,E05000345,A,599,15,0.025041736227045076,1.1619365609348915,0.306564774624374,0.7492626422051565,1.167885660703876
127,E05000341,C,1590,17,0.010691823899371069,1.1943396226415095,0.3289453459119497,0.7650260858705604,1.6258728675434404
128,E05000326,A,1534,26,0.01694915254237288,1.1551499348109517,0.31118226857887876,0.7223647146662215,1.3727246036079983
129,E05000340,H,1409,32,0.0227111426543648,1.134847409510291,0.2547111426543648,0.7279603875549138,1.3187057823122426
130,E05000332,A,398,5,0.01256281407035176,1.1758793969849246,0.286764824120603,0.7547255671768632,0.9217093625650148
131,E05000333,H,295,4,0.013559322033898305,1.2542372881355932,0.3673084745762712,0.7568032146992429,0.37953492558109464
132,E05000343,H,1418,22,0.015514809590973202,1.1311706629055007,0.32124647390691113,0.7172789150411716,1.0460334868512762
133,E05000335,F,447,2,0.0044742729306487695,1.196868008948546,0.38759127516778524,0.7615823876320642,1.1868150384807086
134,E05000338,A,575,8,0.01391304347826087,1.106086956521739,0.26321582608695654,0.7071535928135134,1.4604009182021969
135,E05000334,H,668,9,0.01347305389221557,1.1631736526946108,0.33811571856287426,0.7444669372015413,0.7602449274151057
136,E05000329,H,729,8,0.010973936899862825,1.1604938271604939,0.35193388203017834,0.7428898215390416,0.7759563187114681
137,E05000336,H,252,1,0.003968253968253968,1.2142857142857142,0.340884126984127,0.753139684742665,1.3435244833859727
138,E05000337,C,857,24,0.028004667444574097,1.1645274212368728,0.3067871645274212,0.7389983754233312,0.5723484972067745
139,E05000325,C,2199,33,0.015006821282401092,1.0782173715325147,0.22692664847658026,0.7116780670852407,0.8506176520551119
140,E05000328,C,169,0,0.0,1.1242603550295858,0.2610603550295858,0.7329926927276019,0.9673655465508029
141,E05000339,C,1653,42,0.025408348457350273,1.074410163339383,0.18635402298850576,0.6813591081474433,0.8252094146146891
142,E05000324,C,195,6,0.03076923076923077,1.1641025641025642,0.3309482051282051,0.6737494960753104,0.8234546496267394
143,E05000344,C,191,4,0.020942408376963352,1.0471204188481675,0.14239842931937172,0.7211438517564503,0.8683471168361022
144,E05000327,H,387,2,0.00516795865633075,1.5219638242894058,0.59108165374677,0.8563106340522756,0.6660781598149821
145,E05000302,C,133,2,0.015037593984962405,1.0526315789473684,0.1982172932330827,0.7184725213278459,0.23921709381651282
146,E05000289,C,1069,15,0.01403180542563143,1.2095416276894293,0.3578531337698784,0.7556570382681572,1.2688775731083979
147,E05000297,H,413,2,0.004842615012106538,1.234866828087167,0.3575743341404358,0.7793834222416757,1.3762387803669545
148,E05000298,H,1031,11,0.01066925315227934,1.168768186226964,0.3205415130940834,0.7479037392482957,0.9994808267432207
149,E05000288,G,2198,37,0.01683348498635123,1.172429481346679,0.4020048680618744,0.746277844492175,1.551367776703047
150,E05000292,H,403,9,0.022332506203473945,1.2258064516129032,0.3731213399503722,0.7629947169853073,0.8982053397041498
151,E05000296,C,592,11,0.018581081081081082,1.1672297297297296,0.30212736486486486,0.711184459421971,0.8495247881782051
152,E05000290,C,468,2,0.004273504273504274,1.1987179487179487,0.3342852564102564,0.7689988065914901,1.129175755875705
153,E05000303,C,481,6,0.012474012474012475,1.1954261954261953,0.34057276507276507,0.7738657541177386,1.432996137380631
154,E05000286,C,1080,38,0.03518518518518519,1.1712962962962963,0.33968611111111113,0.6820583430997251,1.5542879348822023
155,E05000300,C,171,1,0.005847953216374269,1.1461988304093567,0.2586263157894737,0.7428124268030533,0.6030352600367863
156,E05000301,C,686,9,0.013119533527696793,1.2026239067055393,0.25816749271137024,0.7611224503884173,0.868719682914265
157,E05000305,C,90,1,0.011111111111111112,1.2666666666666666,0.3713311111111111,0.7571683995821079,0.7833508031077706
158,E05000291,H,747,2,0.002677376171352075,1.2757697456492636,0.4883389558232932,0.7811167955372493,1.2109260588469088
159,E05000293,C,1158,17,0.01468048359240069,1.2020725388601037,0.41048221070811747,0.7473700318853194,0.49679636985044645
160,E05000295,C,291,9,0.030927835051546393,1.1099656357388317,0.2826175257731959,0.7250121141828556,0.15841057013179086
161,E05000304,C,337,6,0.017804154302670624,1.1275964391691395,0.3296480712166172,0.7153448161977567,0.46922034844159877
162,E05000285,C,111,2,0.018018018018018018,1.144144144144144,0.3123063063063063,0.7539805902579939,0.7795536050790828
163,E05000294,C,847,8,0.009445100354191263,1.3164108618654073,0.5185355371900826,0.7853544257855534,0.4195558923202333
164,E05000299,C,482,3,0.006224066390041493,1.1473029045643155,0.3705284232365145,0.7219031297627021,0.2640520518256287
165,E05000287,C,247,7,0.02834008097165992,1.1052631578947367,0.3195182186234818,0.6812966172167003,0.25731864054383163
166,E05000096,C,995,23,0.023115577889447236,1.1628140703517589,0.3311956783919598,0.7132056357697701,0.6738870019065846
167,E05000104,C,1658,15,0.009047044632086852,1.132086851628468,0.35256501809408924,0.7481588086855222,0.6316228979865357
168,E05000097,C,461,9,0.019522776572668113,1.1062906724511932,0.2526286334056399,0.7178313342625486,0.6436058879666704
169,E05000100,G,1833,20,0.010911074740861976,1.1702127659574468,0.2622468085106383,0.7511523845119569,0.5083495643584137
170,E05000103,G,384,5,0.013020833333333334,1.1015625,0.19546067708333334,0.7435889111769565,0.6928184134311288
171,E05000086,C,1330,18,0.013533834586466165,1.2105263157894737,0.28407872180451127,0.7684120327808838,0.6886051523183013
172,E05000090,C,416,4,0.009615384615384616,1.2067307692307692,0.3294170673076923,0.75637971537663,0.6224869206570487
173,E05000101,C,579,13,0.022452504317789293,1.1709844559585492,0.3124860103626943,0.7511204436280181,0.4471145876314656
174,E05000085,C,568,1,0.0017605633802816902,1.1214788732394365,0.2890378521126761,0.7364735042161817,0.4911618036135935
175,E05000092,G,1884,19,0.010084925690021231,1.1926751592356688,0.3313254246284501,0.7643801632710061,1.136379418399844
176,E05000091,G,665,5,0.007518796992481203,1.156390977443609,0.2869357894736842,0.7557107742398568,0.46203690946645704
177,E05000105,G,1488,18,0.012096774193548387,1.191532258064516,0.29157513440860217,0.7547768004380122,0.8356150615802235
178,E05000098,E,3494,33,0.009444762449914138,1.2232398397252433,0.3412313108185461,0.7717425779049251,1.0825619354070195
179,E05000087,E,519,8,0.015414258188824663,1.165703275529865,0.267731021194605,0.7509609888626066,1.6749833207511244
180,E05000094,B,1715,48,0.027988338192419825,1.151603498542274,0.22122827988338192,0.7040337831124671,1.2256132479035582
181,E05000102,C,24508,361,0.014729884119471194,1.101436265709156,0.30598997062183775,0.6885166720722589,0.770194094621825
182,E05000093,C,264,2,0.007575757575757576,1.1553030303030303,0.30974848484848483,0.7583921071952471,0.7774621319109287
183,E05000089,G,485,9,0.018556701030927835,1.1731958762886598,0.24457113402061856,0.760055889471504,0.9995819067909201
184,E05000088,C,916,23,0.025109170305676855,1.1844978165938864,0.28489224890829695,0.7491995668969728,0.7688943190382823
185,E05000095,G,723,14,0.019363762102351315,1.1355463347164592,0.25515961272475796,0.7358579687128591,1.4971632988691197
186,E05000099,C,622,7,0.011254019292604502,1.1318327974276527,0.2910765273311897,0.7439723250327541,0.5163018882871965
187,E05000060,A,4370,230,0.05263157894736842,1.180320366132723,0.41604340961098396,0.680359186557264,1.1664745169300392
188,E05000056,F,1051,21,0.019980970504281638,1.1893434823977165,0.34992055185537585,0.7475504481828891,1.1519002465274757
189,E05000062,C,996,14,0.014056224899598393,1.2449799196787148,0.29491214859437753,0.78118844505292,1.2842688383562122
190,E05000053,F,373,7,0.01876675603217158,1.1796246648793567,0.30342734584450404,0.7437774067281006,1.4019135105426415
191,E05000046,G,1910,51,0.026701570680628273,1.118848167539267,0.24391869109947645,0.7029326219503077,1.326986460916925
192,E05000045,F,2250,65,0.028888888888888888,1.1364444444444444,0.27250657777777776,0.7161737200600993,1.7461830365664666
193,E05000052,F,1667,25,0.014997000599880024,1.191361727654469,0.3297601679664067,0.7655075975353179,1.2853757807499417
194,E05000051,F,793,13,0.01639344262295082,1.1689785624211855,0.315228499369483,0.7423090490131651,1.2497404278677937
195,E05000049,F,848,13,0.015330188679245283,1.195754716981132,0.3354310141509434,0.7556650313108194,1.5056363331788472
196,E05000050,H,810,12,0.014814814814814815,1.2123456790123457,0.3778204938271605,0.738172129534654,1.4291084760434556
197,E05000057,C,2326,32,0.013757523645743766,1.2274290627687017,0.3930107910576096,0.7612958582647433,1.637194679560624
198,E05000054,C,314,9,0.028662420382165606,1.1878980891719746,0.3321608280254777,0.7441939928387266,1.463109146935113
199,E05000059,H,1056,15,0.014204545454545454,1.1770833333333333,0.3373797348484848,0.7467536418457004,1.2998166793444672
200,E05000058,H,836,13,0.01555023923444976,1.1854066985645932,0.32145466507177034,0.7423871050933968,1.4903726286695467
201,E05000063,F,1702,26,0.01527614571092832,1.2567567567567568,0.38141098707403054,0.78065633001501,1.5583011290937803
202,E05000047,F,1343,22,0.016381236038719285,1.3462397617274757,0.4948705137751303,0.7986071385319897,1.8045150099873348
203,E05000043,H,2005,33,0.016458852867830425,1.170573566084788,0.3131011970074813,0.7404601892285306,1.4363488802822566
204,E05000048,H,1062,12,0.011299435028248588,1.2250470809792844,0.506917890772128,0.771893764603808,1.3515437167337518
205,E05000044,G,615,13,0.02113821138211382,1.134959349593496,0.3045478048780488,0.6628880490798496,0.6277444904317676
206,E05000055,F,1414,23,0.016265912305516265,1.1732673267326732,0.3258681046676096,0.7446693954346754,1.758452705372862
207,E05000061,F,2123,33,0.015544041450777202,1.1573245407442299,0.29454583137070184,0.7437314207008138,1.4449428932255728
208,E05000431,G,2289,41,0.017911751856705984,1.1660113586719092,0.32678213193534295,0.7387487597097425,1.3404000279203365
209,E05000428,E,2428,23,0.009472817133443162,1.2310543657331137,0.3333505766062603,0.7794168833653756,1.0394420468152432
210,E05000432,E,1925,21,0.01090909090909091,1.163116883116883,0.2572214025974026,0.7676484038403205,1.5187983084469905
211,E05000424,E,569,3,0.005272407732864675,1.2056239015817223,0.3361597539543058,0.7651675464000551,1.3651386141063937
212,E05000433,B,558,7,0.012544802867383513,1.1917562724014337,0.3223213261648746,0.7566299777947139,1.4174254955357064
213,E05000430,E,828,11,0.013285024154589372,1.2246376811594204,0.34310555555555555,0.7721843371480208,0.8968085384662061
214,E05000418,E,2320,31,0.013362068965517242,1.1668103448275862,0.33062538793103446,0.7577108207348139,1.3172035958878998
215,E05000417,E,2397,24,0.010012515644555695,1.1485189820609094,0.27695915727993325,0.7521830155075425,0.8082940719445312
216,E05000435,E,787,6,0.007623888182973317,1.2350698856416773,0.34103418043202033,0.7970728565300502,0.8574912061202521
217,E05000420,B,13484,137,0.010160189854642539,1.1885197270839514,0.31440846188074756,0.7639109860834156,0.9297821497367911
218,E05000421,E,6636,82,0.01235684147076552,1.1692284508740205,0.32279261603375525,0.7512123570159961,0.8918225865584928
219,E05000425,B,1632,23,0.014093137254901961,1.1537990196078431,0.28362604166666666,0.7410067201069457,1.021913511071697
220,E05000426,B,9340,116,0.012419700214132762,1.1422912205567453,0.2407219914346895,0.7412480314780505,1.0957210284269407
221,E05000436,E,2052,27,0.013157894736842105,1.1661793372319689,0.26244624756335283,0.7635969855426377,1.0323499659419313
222,E05000422,E,1908,20,0.010482180293501049,1.2363731656184487,0.3777750524109015,0.781175520654018,1.1896721015105516
223,E05000434,E,2379,33,0.013871374527112233,1.1899957965531736,0.3951026902059689,0.7578308991161312,1.1211812998871373
224,E05000423,E,4294,57,0.01327433628318584,1.1916627852817885,0.3224967163483931,0.7553043550961728,1.0482847643708477
225,E05000416,B,69659,919,0.01319283940337932,1.1450781664967915,0.31932240916464494,0.7366497918624697,1.1622523181314728
226,E05000419,E,5238,75,0.0143184421534937,1.1949217258495608,0.32779326078655974,0.7602561124810107,1.314162818494248
227,E05000429,B,1548,29,0.018733850129198967,1.198966408268734,0.3761387596899225,0.754825692796663,0.9652890470446649
228,E05000427,B,6946,106,0.015260581629714944,1.1888856896055284,0.31862951338900086,0.7601913428743688,1.11362508793166
229,E05000538,F,1116,16,0.014336917562724014,1.1666666666666667,0.3113387992831541,0.7410946737287734,1.2381912338533216
230,E05000548,D,27117,272,0.010030608105616403,1.1335693476417008,0.2674306560460228,0.7461772733812286,1.046160739813701
231,E05000554,F,3911,43,0.0109946305292764,1.197647660444899,0.3215211710559959,0.7576872749616013,1.0600986818509481
232,E05000551,E,2546,47,0.018460329929300863,1.2470542026708562,0.3538586017282011,0.7618341039781518,1.2097042243182807
233,E05000539,E,3030,40,0.013201320132013201,1.2052805280528054,0.3256273597359736,0.7643019735105097,0.5939731993776527
234,E05000547,E,3258,49,0.015039901780233272,1.1660527931246163,0.3126329957028852,0.74959729280005,1.1451334898071046
235,E05000535,B,3391,54,0.015924506045414333,1.1515777056915364,0.28502960778531405,0.7435160280170267,0.6641806136825037
236,E05000534,E,6897,83,0.01203421777584457,1.2227055241409308,0.3782521386109903,0.7762202785499717,0.7926458848897293
237,E05000553,E,8457,70,0.008277166844034527,1.1894288754877615,0.33623327421071303,0.76968849381935,0.8158498651845185
238,E05000545,E,2008,27,0.013446215139442231,1.1588645418326693,0.3181182768924303,0.7387596617930764,1.3527832404142646
239,E05000546,B,1336,12,0.008982035928143712,1.1841317365269461,0.28003517964071856,0.7539835747287982,1.105100078255219
240,E05000544,B,1571,18,0.011457670273711012,1.2062380649267983,0.3216468491406747,0.7648739180214836,1.0679171919806576
241,E05000541,B,981,14,0.014271151885830785,1.1804281345565748,0.30689164118246687,0.759101995414286,0.5943295739540222
242,E05000540,B,2175,23,0.010574712643678161,1.1291954022988506,0.25028441379310346,0.7450178265033203,0.9633905559608951
243,E05000543,B,2177,25,0.011483693155718878,1.1860358291226458,0.2903096922370234,0.7551623817086135,1.109360072451461
244,E05000550,B,1054,12,0.011385199240986717,1.166034155597723,0.2580835863377609,0.7474786111435116,1.2484036272708359
245,E05000536,B,46473,464,0.009984291954468186,1.1580487594947604,0.27786139909194585,0.7551722697252754,1.1219502563851982
246,E05000542,B,18974,231,0.012174554653736692,1.1821966902076526,0.30681420364709605,0.756669088720774,1.11362508793166
247,E05000549,B,4132,64,0.015488867376573089,1.1604549854791868,0.25929590997095836,0.73944266226453,1.2211989191678563
248,E05000552,D,3355,35,0.010432190760059613,1.1323397913561848,0.2705789269746647,0.7395864349927561,1.3636090782221748
249,E05000537,B,5337,162,0.03035413153456998,1.1459621510211728,0.25663185310099307,0.7267349496962244,0.8917835532254156
250,E05000437,A,757,21,0.02774108322324967,1.1571994715984149,0.29730951122853366,0.7281006452521743,0.7992353987444539
251,E05000453,E,1260,26,0.020634920634920634,1.119047619047619,0.2155092857142857,0.7549270754096975,0.9143077943686646
252,E05000442,A,1387,36,0.02595529920692141,1.1074260994953136,0.32796979091564527,0.6667911368620294,0.5345918553134232
253,E05000454,A,182,3,0.016483516483516484,1.1538461538461537,0.29747252747252745,0.706729061442989,0.8544647460545802
254,E05000438,F,4071,62,0.015229673298943749,1.1830017194792435,0.3243965364775239,0.7469366580124128,1.3472815779669727
255,E05000452,E,1371,20,0.014587892049598834,1.187454412837345,0.3102372720641867,0.7408990282653081,1.133472846568629
256,E05000444,E,2882,22,0.007633587786259542,1.2165163081193615,0.28036374045801526,0.7951087523836425,1.376591346791605
257,E05000450,E,1144,17,0.01486013986013986,1.236013986013986,0.3988443181818182,0.7689447442863763,1.2825034252316874
258,E05000451,E,4081,42,0.010291595197255575,1.1671159029649596,0.3334330556236217,0.7592360731260482,1.2290847734099164
259,E05000440,A,853,10,0.011723329425556858,1.1594372801875732,0.2818614302461899,0.7557228154932031,0.9699327180932609
260,E05000441,E,3344,49,0.01465311004784689,1.1857057416267942,0.3306763157894737,0.7569144973076554,0.9412436080744393
261,E05000446,E,2214,32,0.014453477868112014,1.1788617886178863,0.37741025293586267,0.7462773823582942,0.9425380241184131
262,E05000448,E,5802,86,0.014822475008617718,1.1028955532574973,0.2285915546363323,0.7236623514507013,1.1665578910376253
263,E05000439,E,5762,79,0.013710517181534189,1.1674765706351962,0.32299246789309266,0.7456550393889385,0.7581560512603862
264,E05000449,B,6099,72,0.011805213969503197,1.191834727004427,0.33274197409411377,0.7662007591831855,1.2409110209712575
265,E05000445,A,2068,168,0.08123791102514506,1.0087040618955514,0.07634937137330754,0.594229707078032,1.113205455890948
266,E05000447,E,2623,25,0.009531071292413268,1.1399161265726268,0.2326228364468166,0.7406792429273105,1.3031705384747658
267,E05000443,B,4975,48,0.009648241206030151,1.2532663316582915,0.4174705728643216,0.7808544911908135,1.081685954459418
268,E05000224,A,718,10,0.013927576601671309,1.16016713091922,0.2722816155988858,0.7887115725020118,1.0896607231886535
269,E05000217,A,485,8,0.016494845360824743,1.1649484536082475,0.258840206185567,0.7615480274323896,0.9838555612423261
270,E05000219,A,1702,17,0.0099882491186839,1.1985898942420683,0.4101534077555817,0.7570394816165812,1.3568286122700397
271,E05000227,A,1394,13,0.009325681492109038,1.193687230989957,0.32104239598278334,0.7623347963742318,1.085948514677092
272,E05000225,E,28892,327,0.011318011906410078,1.164128478471549,0.31500612626332547,0.749369502880528,1.54505104872397
273,E05000230,B,5548,91,0.01640230713770728,1.1413121845710166,0.30510791276135546,0.7265118354313581,1.4319273493288796
274,E05000222,D,16635,164,0.00985873159002104,1.1749924857228735,0.31173310489930867,0.7615877936518728,1.413690141859513
275,E05000220,A,621,10,0.01610305958132045,1.144927536231884,0.2688816425120773,0.7387097022533171,0.6263812368639954
276,E05000215,F,1788,42,0.02348993288590604,1.1297539149888143,0.2223713087248322,0.7043908916304333,0.8518035154199497
277,E05000223,A,973,22,0.022610483042137718,1.1264131551901335,0.20690082219938336,0.726999593620414,1.3851081158730356
278,E05000218,H,472,10,0.0211864406779661,1.1419491525423728,0.35992860169491525,0.7182252550146924,1.063306413781301
279,E05000216,E,2126,102,0.04797742238946378,1.0757290686735654,0.22375856067732833,0.6723755454372736,1.7352666629989
280,E05000229,G,3263,47,0.014403922770456636,1.178057002758198,0.35453159669016243,0.7429518227387201,1.1907825152919047
281,E05000226,G,223,4,0.017937219730941704,1.1345291479820627,0.3273847533632287,0.7371805516849035,1.1268319155030286
282,E05000221,G,656,6,0.009146341463414634,1.1890243902439024,0.34103125,0.756137252097557,1.2803156193598144
283,E05000228,G,574,16,0.027874564459930314,1.1393728222996515,0.2414761324041812,0.7303215211301491,1.1970735722799608
284,E05000214,A,1479,13,0.00878972278566599,1.0412440838404327,0.250868492224476,0.7524104851655461,0.6787856051972713
285,E05000078,H,270,7,0.025925925925925925,1.2,0.3224166666666667,0.7447927888601416,0.9993881325252013
286,E05000066,H,489,7,0.014314928425357873,1.1860940695296525,0.4983957055214724,0.7478235151045369,0.2706407936167973
287,E05000072,H,712,10,0.014044943820224719,1.2008426966292134,0.3962106741573034,0.7472269925080545,0.6927819059876479
288,E05000083,H,1615,42,0.026006191950464396,1.2006191950464395,0.404220866873065,0.7237104304120766,0.9354019599438752
289,E05000081,H,1391,11,0.007907979870596693,1.3738317757009346,0.39452444284687277,0.7877754597167733,0.5898691618387124
290,E05000071,A,1163,26,0.02235597592433362,1.184006878761823,0.3497623387790198,0.7273957860793684,0.8456869037841042
291,E05000079,A,339,8,0.02359882005899705,1.1563421828908556,0.3720787610619469,0.7229583161387433,0.3470668257548097
292,E05000075,A,932,18,0.019313304721030045,1.203862660944206,0.42058229613733905,0.7336455580364524,0.9136846764080341
293,E05000065,A,436,13,0.02981651376146789,1.1651376146788992,0.3574433486238532,0.7279337209483061,0.9158320912100185
294,E05000084,A,1036,26,0.025096525096525095,1.1003861003861004,0.18679140926640928,0.6662297691796177,0.9848259199132401
295,E05000076,H,295,5,0.01694915254237288,1.2033898305084747,0.39486305084745765,0.7538030662917059,0.7613508649888163
296,E05000074,H,108,4,0.037037037037037035,1.0740740740740742,0.2627101851851852,0.7174930596760568,0.6914160776171183
297,E05000067,H,75,0,0.0,1.3066666666666666,0.4639933333333333,0.7984806180784799,0.4253282933732617
298,E05000073,H,2104,23,0.010931558935361217,1.217680608365019,0.4834735741444867,0.7619808486440804,0.9494099847183517
299,E05000069,H,3163,40,0.012646221941195067,1.1843186847929181,0.30169939930445777,0.7544914384463993,0.7466944330548824
300,E05000082,H,54,5,0.09259259259259259,0.9814814814814815,0.1187962962962963,0.5826766745989576,0.5253213195155949
301,E05000068,H,158,7,0.04430379746835443,1.1518987341772151,0.23418354430379748,0.6573731710127825,0.43749495735702343
302,E05000080,H,426,5,0.011737089201877934,1.23943661971831,0.40797981220657276,0.7741236779521862,0.6754645824509031
303,E05000064,H,774,5,0.006459948320413436,1.227390180878553,0.32679728682170545,0.7807799812045205,0.6295012608763815
304,E05000070,A,194,2,0.010309278350515464,1.1958762886597938,0.37090876288659796,0.7412540953102246,0.8808436026614626
305,E05000077,H,588,17,0.02891156462585034,1.0527210884353742,0.20657108843537414,0.6977531561142586,1.201408277776251
306,E05000195,A,2811,35,0.012451085023123443,1.168979011028104,0.3113357524012807,0.7322341495820675,1.388075135668454
307,E05000213,F,894,5,0.005592841163310962,1.2102908277404922,0.3435022371364653,0.7796538786291526,1.289753287079901
308,E05000196,H,1556,24,0.015424164524421594,1.1947300771208227,0.3332190231362468,0.7693983525149759,1.668360410686407
309,E05000202,F,297,5,0.016835016835016835,1.2188552188552189,0.39756026936026934,0.7439307093795127,1.149621127670832
310,E05000212,G,725,19,0.02620689655172414,1.143448275862069,0.28089393103448274,0.7155136582724684,1.1141548797132375
311,E05000205,C,1360,26,0.01911764705882353,1.2397058823529412,0.3562548529411765,0.7696264500615784,1.45494345196078
312,E05000197,G,1112,16,0.014388489208633094,1.2275179856115108,0.365844964028777,0.7687611299152252,0.6367834000369009
313,E05000204,G,189,3,0.015873015873015872,1.2698412698412698,0.43008412698412696,0.7713953658302455,0.7018746260664843
314,E05000200,H,755,13,0.017218543046357615,1.1920529801324502,0.34786132450331125,0.7630143061120904,1.0888890203369477
315,E05000203,G,656,11,0.01676829268292683,1.1753048780487805,0.33498704268292684,0.7464832599989231,1.2779214937715446
316,E05000206,G,789,45,0.057034220532319393,1.0519645120405576,0.17636590621039291,0.6248816112885701,1.076019375327116
317,E05000198,A,832,8,0.009615384615384616,1.1598557692307692,0.35784759615384615,0.7260764499071862,0.924340219429372
318,E05000193,G,213,4,0.018779342723004695,1.2018779342723005,0.3295455399061033,0.7221790677767034,1.1601124179235764
319,E05000209,F,774,5,0.006459948320413436,1.276485788113695,0.3592573643410853,0.7923528374637248,1.5789571106261882
320,E05000208,F,1483,28,0.018880647336480108,1.1955495616992582,0.33065010114632504,0.7412024476907103,1.7519070544705342
321,E05000201,G,175,1,0.005714285714285714,1.1942857142857144,0.39062514285714284,0.7384072111072582,1.000426589381386
322,E05000194,H,712,5,0.007022471910112359,1.1629213483146068,0.2875683988764045,0.7411925754059687,1.5816112353403702
323,E05000210,A,2851,34,0.011925640126271484,1.2486846720448965,0.4532002806032971,0.7630999660391671,1.307507873854613
324,E05000207,A,2755,71,0.025771324863883848,1.1509981851179674,0.2888606896551724,0.7138768490472823,1.3093150038013879
325,E05000211,A,382,19,0.049738219895287955,1.1413612565445026,0.3096416230366492,0.6675200073937578,0.7627897827546426
326,E05000199,A,680,8,0.011764705882352941,1.1838235294117647,0.363365,0.7302940917064535,0.8651565695392229
327,E05000604,G,2439,28,0.011480114801148012,1.168511685116851,0.3266471094710947,0.7471081416319106,0.33987883041406175
328,E05000599,G,4378,65,0.014846962083142987,1.1713111009593422,0.4017766560073093,0.7451646010683254,1.1594558511825523
329,E05000600,G,3208,25,0.007793017456359103,1.2076059850374066,0.3402977867830424,0.77235789843939,0.45494375346817745
330,E05000607,A,611,3,0.004909983633387889,1.2062193126022913,0.36025515548281506,0.769635171820674,1.3325570276771834
331,E05000593,A,2391,43,0.017984107068172314,1.2011710581346717,0.4021620242576328,0.744408603129679,1.0347237164131773
332,E05000591,G,965,9,0.00932642487046632,1.1191709844559585,0.28241036269430053,0.7208055955970073,0.2925084684723972
333,E05000603,G,2007,29,0.014449427005480818,1.2047832585949179,0.3099034877927255,0.7754139836542594,0.770111010513465
334,E05000606,G,940,7,0.007446808510638298,1.2542553191489363,0.3774296808510638,0.7685440052518385,0.5353832434386065
335,E05000596,G,1073,11,0.010251630941286114,1.1817334575955265,0.26697744641192916,0.7624005543230808,0.32015200137221433
336,E05000595,G,1221,15,0.012285012285012284,1.1752661752661753,0.31713128583128586,0.7477992977058666,0.8463658296262874
337,E05000608,G,1497,64,0.04275217100868404,1.104876419505678,0.20996025384101535,0.6901982053769478,0.8810194194440507
338,E05000601,G,3043,44,0.014459415050936576,1.1708839960565232,0.2876281629970424,0.7919877040935955,0.7356219397587946
339,E05000609,G,1818,14,0.007700770077007701,1.2299229922992299,0.33862953795379536,0.7980325181277638,0.7917022725556881
340,E05000592,G,1561,18,0.011531069827033953,1.2114029468289558,0.38392690582959643,0.7745178417662227,0.9362018071047207
341,E05000597,A,581,8,0.013769363166953529,1.2598967297762478,0.4122659208261618,0.7730203218029522,1.6270476691076852
342,E05000590,G,357,3,0.008403361344537815,1.2100840336134453,0.31448991596638654,0.7420534524704523,0.3306806308319787
343,E05000602,A,1579,43,0.027232425585813805,1.1253958201393286,0.1962939835338822,0.7062320615186223,1.2122558125001857
344,E05000594,A,790,3,0.0037974683544303796,1.2949367088607595,0.5111550632911392,0.7907177100013052,0.9926348222487169
345,E05000598,A,271,3,0.01107011070110701,1.1660516605166051,0.31453431734317344,0.7597290180877548,0.9962205049561165
346,E05000605,G,3365,55,0.01634472511144131,1.1759286775631501,0.28070395245170876,0.7585065651808229,0.8628867528475982
347,E05000515,H,1046,10,0.009560229445506692,1.132887189292543,0.30718910133843214,0.7603919200805176,1.6233285555022776
348,E05000502,C,474,9,0.0189873417721519,1.1835443037974684,0.2927575949367089,0.7699480719853232,0.2644914396281835
349,E05000510,C,195,4,0.020512820512820513,1.1538461538461537,0.28992666666666667,0.7535373331230845,0.42270908780599087
350,E05000511,F,275,6,0.02181818181818182,1.1818181818181819,0.362764,0.7503299264321339,1.6408997791350615
351,E05000503,C,668,11,0.016467065868263474,1.1646706586826348,0.32514446107784434,0.7380782501094056,1.3659050207505157
352,E05000505,C,281,6,0.021352313167259787,1.1459074733096084,0.23177580071174378,0.7037155296844735,0.56930867810557
353,E05000495,C,924,42,0.045454545454545456,1.1147186147186148,0.2663813852813853,0.6984956408933927,0.553266155663021
354,E05000497,A,944,7,0.007415254237288136,1.2510593220338984,0.40682139830508474,0.7803992567758758,1.297218658638783
355,E05000506,A,370,3,0.008108108108108109,1.191891891891892,0.3328697297297297,0.7755638472458526,0.5875009311062074
356,E05000507,C,165,2,0.012121212121212121,1.0727272727272728,0.14334787878787877,0.8077838934485919,0.9492869007902891
357,E05000501,C,1921,28,0.014575741801145237,1.1733472149921915,0.34812103071317024,0.7537736330387935,0.7012565123592978
358,E05000508,C,1385,27,0.019494584837545126,1.1624548736462095,0.28601227436823107,0.743564043504617,0.35459882755264893
359,E05000514,C,1322,15,0.0113464447806354,1.2534039334341907,0.3880869894099849,0.775074793326481,0.6396406526889704
360,E05000512,C,274,7,0.025547445255474453,1.1605839416058394,0.31477518248175185,0.7094117590429335,0.3425415079719701
361,E05000513,F,1612,21,0.013027295285359801,1.2115384615384615,0.3187539081885856,0.7621762852630545,1.5722537008813218
362,E05000500,C,256,4,0.015625,1.12890625,0.199500390625,0.7118914332717937,0.3625010217396757
363,E05000499,F,2612,28,0.010719754977029096,1.198698315467075,0.3709878637059724,0.7618785041402366,1.3101931902419799
364,E05000496,C,446,1,0.002242152466367713,1.1300448430493275,0.23565941704035875,0.7691028893957371,0.6001660731596457
365,E05000504,C,112,4,0.03571428571428571,1.1517857142857142,0.25954732142857145,0.7137115005994765,1.1285447641522335
366,E05000498,C,139,2,0.014388489208633094,1.237410071942446,0.3680345323741007,0.7697231325823529,1.0232664231374122
367,E05000509,H,1614,23,0.014250309789343246,1.1951672862453533,0.3804650557620818,0.75288514735568,0.6365141682948128
368,E05000559,H,1230,6,0.004878048780487805,1.1317073170731706,0.2821529268292683,0.749097449901536,0.6193762897414465
369,E05000560,H,1324,10,0.0075528700906344415,1.061178247734139,0.35574199395770395,0.617726070015147,0.6277052571971504
370,E05000556,A,573,7,0.012216404886561954,1.1535776614310647,0.3238078534031414,0.7627738148947857,1.0619577325759786
371,E05000562,A,212,2,0.009433962264150943,1.1462264150943395,0.28039716981132073,0.7082453994341177,0.47420812719914446
372,E05000571,A,452,8,0.017699115044247787,1.1460176991150441,0.3098745575221239,0.7333626302079915,0.5244480273578574
373,E05000557,F,242,9,0.0371900826446281,1.128099173553719,0.26635165289256196,0.7150093107663623,1.2707186095616607
374,E05000561,H,1559,5,0.003207184092366902,1.1090442591404748,0.2916797947402181,0.7489762327464026,0.8225219414053102
375,E05000572,H,1517,12,0.007910349373764008,1.1087673038892552,0.29113599208965063,0.7171394768698568,1.092455376318321
376,E05000566,F,652,2,0.003067484662576687,1.205521472392638,0.318579754601227,0.7877338640851135,1.290869246043774
377,E05000567,F,2384,37,0.01552013422818792,1.1875,0.41978926174496645,0.7330913533944574,1.1377453591974864
378,E05000564,A,3466,34,0.009809578765147143,1.1471436814772071,0.3513400173110213,0.7436389337180911,1.6352117831130677
379,E05000558,H,1778,25,0.0140607424071991,1.18785151856018,0.3638219347581552,0.750281261165533,1.0361987848192837
380,E05000565,A,571,12,0.021015761821366025,1.2346760070052538,0.43314115586690016,0.761579058974876,1.2568887980565613
381,E05000563,H,2082,4,0.0019212295869356388,1.0787704130643612,0.23801974063400577,0.763111131485986,0.8033468532057645
382,E05000568,A,231,2,0.008658008658008658,1.2380952380952381,0.37914545454545456,0.7659878761415445,1.0207688793780751
383,E05000570,A,1030,7,0.006796116504854369,1.1805825242718446,0.3264031067961165,0.7696073398007991,1.5526073029482381
384,E05000569,A,757,7,0.009247027741083224,1.1519154557463671,0.2773743725231176,0.721427436628498,1.0914528252887108
385,E05000555,A,825,12,0.014545454545454545,1.184242424242424,0.2846027878787879,0.7364077313517242,0.8060037320631861
386,E05000520,H,5407,44,0.008137599408174588,1.1566487886073609,0.3583996301091178,0.7180078765979747,1.0662173875546272
387,E05000530,F,4569,37,0.008098052090172904,1.282994090610637,0.42259726417159116,0.7962690211234277,0.6315277672970718
388,E05000522,F,1369,22,0.016070124178232285,1.231555880204529,0.3842382761139518,0.7520935735914326,0.9674350343590478
389,E05000523,H,95,1,0.010526315789473684,1.0842105263157895,0.3281884210526316,0.7203324310849399,1.597402908509359
390,E05000531,F,4314,86,0.019935095039406582,1.1842837273991655,0.3613343532684284,0.7469733523225388,0.21028341228613337
391,E05000519,F,8189,182,0.02222493588960801,1.1806081328611553,0.37551191842715836,0.7345016564013525,1.1558393476587794
392,E05000526,F,1553,19,0.012234385061171926,1.1648422408242112,0.3141727623953638,0.7225004013952625,1.1130925670676968
393,E05000524,F,9039,66,0.007301692665117823,1.1595309215621197,0.3049056311538887,0.7500695275743354,0.8123186547901633
394,E05000517,F,4256,66,0.01550751879699248,1.1647086466165415,0.3311544407894737,0.7484622962899259,0.6922390496806912
395,E05000525,F,3006,25,0.0083166999334664,1.2172322022621425,0.3189514637391883,0.7841877065288592,1.0110763263967235
396,E05000521,A,367,5,0.013623978201634877,1.2125340599455041,0.3438446866485014,0.7678616385370614,1.0130227035447372
397,E05000518,F,583,5,0.008576329331046312,1.2315608919382504,0.43568542024013723,0.7661997854522299,0.5560595328517108
398,E05000532,F,970,11,0.01134020618556701,1.1680412371134021,0.30703979381443297,0.7609630884299323,1.2793423040018528
399,E05000533,H,390,11,0.028205128205128206,1.0974358974358973,0.2512374358974359,0.6955255029659196,1.2705788039453747
400,E05000529,F,1617,155,0.095856524427953,1.1162646876932591,0.29542665429808285,0.7115291723562789,0.4470620543337879
401,E05000527,F,7306,318,0.04352586914864495,1.1197645770599507,0.29502137968792774,0.6996274296770032,0.49116180361359346
402,E05000528,F,7437,172,0.023127605217157458,1.18179373403254,0.39003416700282373,0.7290568179451985,0.8404835357966404
403,E05000516,F,2238,9,0.004021447721179625,1.1206434316353886,0.2330266309204647,0.7500573550479067,1.294545165844896
404,E05000456,H,400,7,0.0175,1.18,0.3953215,0.739313036180833,1.4155059561592402
405,E05000458,G,1188,6,0.005050505050505051,1.0765993265993266,0.1918719696969697,0.6889535894573984,0.9513883184731322
406,E05000472,F,12166,177,0.014548742396843662,1.1168009205983889,0.4613662995232615,0.6185860835956031,0.6803872144198174
407,E05000474,F,1829,18,0.009841443411700382,1.2110442864953528,0.4177088026243849,0.7306202847314265,0.8790701583682392
408,E05000465,H,793,7,0.008827238335435058,1.150063051702396,0.21232648171500632,0.7964820833357794,1.2359361456474312
409,E05000473,F,986,12,0.012170385395537525,1.2018255578093306,0.3517218052738337,0.7772770035543393,1.4336178844364096
410,E05000469,F,954,15,0.015723270440251572,1.2180293501048218,0.3786183438155136,0.7457117975853668,1.0308991200377744
411,E05000459,F,752,13,0.017287234042553192,1.1170212765957448,0.2963246010638298,0.6654436384450271,0.4283676329729558
412,E05000470,A,1387,8,0.005767844268204758,1.1824080749819754,0.29497837058399423,0.8078896497901605,1.2214065479509724
413,E05000468,A,1516,13,0.008575197889182058,1.229551451187335,0.40545118733509233,0.7750071180036985,1.2481368365473644
414,E05000466,C,1161,8,0.0068906115417743325,1.0878552971576227,0.24177019810508182,0.7108330882536837,1.4821350787751377
415,E05000455,F,1467,26,0.01772324471710975,1.1138377641445125,0.3073745057941377,0.6634936487521994,1.3365047451768897
416,E05000460,G,452,8,0.017699115044247787,1.1216814159292035,0.2964309734513274,0.6840537673889548,1.2052168905688503
417,E05000467,A,636,18,0.02830188679245283,1.1179245283018868,0.26940959119496855,0.7044443608909038,1.0437570363314086
418,E05000461,C,162,0,0.0,1.1419753086419753,0.24661728395061727,0.7566594285177232,0.7059182060870962
419,E05000464,C,90,1,0.011111111111111112,1.1666666666666667,0.2066522222222222,0.7306791662298814,0.9333939009080585
420,E05000462,F,1242,21,0.016908212560386472,1.1956521739130435,0.4252194041867955,0.6903341143120135,0.8491285283917982
421,E05000471,F,1240,20,0.016129032258064516,1.1370967741935485,0.3178725,0.6596781247633298,0.9881292015968504
422,E05000463,G,184,1,0.005434782608695652,1.2391304347826086,0.33643586956521737,0.7834782265420096,1.1679030680008184
423,E05000457,G,1431,17,0.011879804332634521,1.2438853948287911,0.3520979035639413,0.7761827666886207,1.4458139133244832
424,E05000621,B,1399,22,0.015725518227305217,1.163688348820586,0.3502573981415297,0.7242506324616031,1.2326945428201124
425,E05000625,F,5069,72,0.014203985006904715,1.1970802919708028,0.33658398106135334,0.7633038311546921,0.815314037491659
426,E05000627,F,1775,16,0.009014084507042254,1.2388732394366198,0.3941814647887324,0.7781867863941709,0.8002537817900648
427,E05000628,E,639,10,0.01564945226917058,1.2003129890453834,0.4114380281690141,0.72279376795295,1.7189640677540106
428,E05000629,F,842,16,0.019002375296912115,1.1959619952494063,0.36035130641330165,0.7322211533779127,1.5424444064540435
429,E05000613,F,823,18,0.02187120291616039,1.1287970838396113,0.25671373025516403,0.722105243284478,1.3428974249031933
430,E05000616,G,5693,66,0.011593184612682241,1.242929913929387,0.3677686105743896,0.7726857627299621,1.4910526308732388
431,E05000626,G,1797,39,0.021702838063439065,1.191430161380078,0.329644796883695,0.7396911064002087,1.3867188659575747
432,E05000624,F,1744,16,0.009174311926605505,1.1754587155963303,0.3504076834862385,0.7453378864499877,1.2128581279076727
433,E05000612,F,3954,34,0.008598887202832575,1.2534142640364188,0.4096106980273141,0.7836357239524462,1.5177311516156002
434,E05000618,F,1617,18,0.011131725417439703,1.2467532467532467,0.3698468150896722,0.7790551006975595,1.1936772170293866
435,E05000615,G,879,21,0.023890784982935155,1.1774744027303754,0.2887004550625711,0.7382164062952781,1.5765645718017582
436,E05000611,E,1707,46,0.026947861745752782,1.1605155243116578,0.3046776215582894,0.7354123470404583,1.077093454788625
437,E05000610,F,5096,50,0.009811616954474097,1.209379905808477,0.378857751177394,0.7646478192788282,1.1332144060118239
438,E05000614,E,4523,39,0.00862259562237453,1.176210479770064,0.33470776033606014,0.7589411469368832,1.332713433582327
439,E05000619,F,11416,166,0.014540995094604065,1.1824632095304835,0.34814054835318853,0.7536714226774998,1.0750274625216438
440,E05000617,B,1348,35,0.02596439169139466,1.13946587537092,0.2995376112759644,0.7377661728748512,1.2829416522071455
441,E05000622,D,3226,26,0.008059516429014259,1.2306261624302541,0.3502346249225046,0.7728942162460263,1.290555408377478
442,E05000620,D,10803,99,0.009164121077478478,1.1994816254744052,0.3172634268258817,0.7742569374749939,1.1997071759897906
443,E05000623,E,1762,40,0.022701475595913734,1.2116912599318956,0.3332652099886493,0.7542097997467108,1.2424065786129863
444,E05000259,F,4146,58,0.013989387361312108,1.1266280752532563,0.27921473709599615,0.7403073598763652,0.9146224676606434
445,E05000257,E,2493,31,0.012434817488969114,1.209787404733253,0.3604531889290012,0.752032403365054,1.1269287948006759
446,E05000262,E,6857,75,0.01093772786933061,1.2283797579116231,0.3746800933352778,0.7693732061498102,1.2161267107035285
447,E05000260,F,9071,122,0.013449454304927793,1.1412192702017419,0.3116354977400507,0.735357166639362,1.1600591064173063
448,E05000254,E,2312,23,0.009948096885813149,1.227941176470588,0.33077759515570937,0.7756614328206823,1.2673635523751876
449,E05000261,E,2314,29,0.012532411408815903,1.175885911840968,0.3107131374243734,0.7531889307607806,1.1083595469852132
450,E05000256,E,14564,141,0.009681406207085965,1.1395907717659983,0.3119587956605328,0.7545621615291391,1.0091544184532943
451,E05000252,D,10529,79,0.007503086712888214,1.256149681831133,0.4056357678791908,0.7889481316320038,1.0482847643708477
452,E05000251,E,562,4,0.0071174377224199285,1.209964412811388,0.29503896797153023,0.7809280593618951,0.86909860995803
453,E05000265,B,353,7,0.019830028328611898,1.1359773371104815,0.30228328611898014,0.7111878944638975,1.2928239596703988
454,E05000263,E,14768,159,0.010766522210184181,1.1634615384615385,0.3285738014626219,0.7644714271925079,0.9237380458422362
455,E05000253,G,3294,44,0.013357619914996965,1.1636308439587129,0.2596891621129326,0.7471877076438899,1.4635613504346294
456,E05000264,E,3349,26,0.007763511495968946,1.2400716631830397,0.3953060913705584,0.7837292693157801,1.3712304160042157
457,E05000255,E,1954,37,0.018935516888433982,1.165813715455476,0.3575240532241556,0.7247453657998695,1.3492918547974888
458,E05000258,D,2375,23,0.00968421052631579,1.2029473684210525,0.3389610947368421,0.7633800735548394,1.0374997065067562
459,E05000250,D,1351,4,0.0029607698001480384,1.1798667653589934,0.33031961509992597,0.7563852723761845,1.2050464173253737
460,E05000387,B,1998,12,0.006006006006006006,1.2437437437437437,0.35088973973973975,0.7917742557036269,1.2919060073446698
461,E05000391,D,5949,51,0.008572869389813415,1.1894436039670533,0.30461432173474534,0.7937427080924847,1.0257535150934665
462,E05000392,F,1444,8,0.00554016620498615,1.2707756232686982,0.48160817174515236,0.8078224214491266,1.306025399924277
463,E05000389,B,5453,54,0.009902805794975243,1.2310654685494222,0.3584551072803961,0.7778209763900735,0.7277259541583039
464,E05000396,D,2923,23,0.00786862812179268,1.2288744440643176,0.37165227505987,0.7671805339566503,0.7683510961784095
465,E05000399,D,6698,53,0.00791280979396835,1.2432069274410271,0.39661236189907434,0.7805580528331301,1.2156035354578554
466,E05000397,F,11472,118,0.010285913528591354,1.199354951185495,0.36506374651324963,0.7667312475406847,1.051331792501681
467,E05000383,D,46824,266,0.005680847428669059,1.1610712455151204,0.34082963651119086,0.7826042392699957,0.8126356342980077
468,E05000382,D,1496,14,0.009358288770053475,1.1483957219251337,0.30527566844919785,0.7443918313519644,0.9102433337484248
469,E05000394,D,16217,208,0.012826046741074182,1.196645495467719,0.36160648701979403,0.7599968023652164,0.9899977814683789
470,E05000393,B,1792,46,0.025669642857142856,1.1316964285714286,0.3020189732142857,0.7247561152914521,0.9682182711563943
471,E05000385,E,7560,65,0.008597883597883597,1.1874338624338625,0.3327141402116402,0.7694890175580297,1.0717300941124526
472,E05000398,E,576,7,0.012152777777777778,1.168402777777778,0.30010590277777777,0.7379484216569847,0.9318079905771859
473,E05000388,D,3507,46,0.01311662389506701,1.1374394069004847,0.3171774165953807,0.7095282761828048,0.5502728069638475
474,E05000386,D,3997,54,0.013510132599449587,1.209156867650738,0.34626412309231924,0.7631340185413444,0.38131648785332906
475,E05000395,D,7586,84,0.011073029264434485,1.177432111784867,0.3275344977590298,0.7566254308241248,0.6300305964883217
476,E05000390,D,5929,42,0.0070838252656434475,1.2243211334120425,0.3587871310507674,0.7864294952342386,1.0845310521419662
477,E05000384,D,10286,108,0.01049970834143496,1.193952945751507,0.3551253548512541,0.771553113398413,0.9845298991308578
478,E05000644,D,878525,9114,0.010374206767024274,1.19846105688512,0.42481950872200563,0.7599546456926746,0.8392305964049606
479,E05000638,D,5497,52,0.009459705293796616,1.1624522466800074,0.3370058213571039,0.7648609686954744,0.5866590638755285
480,E05000637,D,50693,428,0.00844298029313712,1.1702799203045786,0.33799609018996707,0.7754827110491701,0.7878781161838868
481,E05000636,D,13565,172,0.01267969037965352,1.1229635090305934,0.3177720014743826,0.7332585097228577,0.8672635253025812
482,E05000633,B,2599,35,0.013466717968449404,1.1365909965371297,0.322431358214698,0.7417383974730345,0.8035758753706652
483,E05000646,D,5957,60,0.010072183985227464,1.1411784455262717,0.27614154775893907,0.7434619279527009,0.9316785206824009
484,E05000649,D,174236,1307,0.00750132004866962,1.195172065474414,0.35318141428866595,0.7746538961013631,0.4744822052693097
485,E05000635,B,685,6,0.008759124087591242,1.1708029197080292,0.3782591240875912,0.7543432610187614,0.9646344439956356
486,E05000632,D,12491,134,0.010727723961252102,1.1172043871587543,0.30129015291009525,0.7498965131687366,0.21641408919322774
487,E05000643,D,15794,156,0.009877168545017094,1.1400531847537039,0.305201082689629,0.7481451758385869,0.8735094993804592
488,E05000630,F,10498,427,0.040674414174128405,1.0845875404839016,0.21681546961325968,0.6737792639495452,1.173845636249394
489,E05000641,D,38958,341,0.008753016068586684,1.1484932491400996,0.3741415883772268,0.7601497145580038,0.24267348118901844
490,E05000642,B,617,5,0.008103727714748784,1.2755267423014587,0.44202982171799027,0.808336906579533,1.107252087608191
491,E05000631,D,2515,19,0.0075546719681908545,1.205168986083499,0.33249538767395626,0.7769518198867229,0.8343682725599781
492,E05000647,D,11172,132,0.011815252416756176,1.1600429645542427,0.30475500358037955,0.751456555192176,0.9688715606858929
493,E05000645,D,2021,30,0.014844136566056407,1.227115289460663,0.34994878772884713,0.7725466807888317,0.8451132568429528
494,E05000648,B,782,11,0.014066496163682864,1.186700767263427,0.2752337595907928,0.7567494595422789,0.6128694524619495
495,E05000639,D,3386,40,0.011813349084465446,1.1636148848198464,0.3214265505020673,0.7581489309486853,1.0199756679360374
496,E05000640,D,1020,13,0.012745098039215686,1.165686274509804,0.32830754901960785,0.755390254882168,1.0431338130684717
497,E05000634,B,1447,18,0.01243953006219765,1.1209398756046993,0.24553807878369038,0.7386268100006605,0.3887343902209295
498,E05000144,D,4796,54,0.011259382819015847,1.17139282735613,0.32218254795663054,0.7544883776096256,1.05938459334224
499,E05000137,F,6985,95,0.013600572655690766,1.1196850393700788,0.28402674302075875,0.6997124625839597,1.3071620791100453
500,E05000140,B,1427,38,0.026629292221443588,1.1338472319551507,0.28025038542396635,0.7333841412607214,1.068274713270518
501,E05000129,D,25955,266,0.0102485070314005,1.171912926218455,0.3211059140820651,0.7585074148550439,0.5982695885852573
502,E05000138,B,40603,379,0.009334285643917938,1.1926951210501686,0.34420947220648723,0.7668950958077212,0.8367742263818623
503,E05000143,B,31388,368,0.011724225818784248,1.1334267873072512,0.3035914553332484,0.7467224499017572,0.538456081323952
504,E05000130,E,36213,353,0.009747880595366305,1.174412503796979,0.30328973296882333,0.7686768546702929,1.3417933143190366
505,E05000131,E,1412,22,0.015580736543909348,1.2060906515580736,0.36012946175637395,0.7719517540769839,1.0234450043401697
506,E05000141,B,8774,101,0.011511283337132437,1.170731707317073,0.3042359471164805,0.7568087686093141,0.7231140309553841
507,E05000132,D,838,3,0.003579952267303103,1.1491646778042959,0.3076194510739857,0.769397446349796,1.363751368331815
508,E05000133,F,2510,45,0.017928286852589643,1.2075697211155378,0.3300910358565737,0.7671176640955225,0.9006500244441655
509,E05000134,B,1500,10,0.006666666666666667,1.1646666666666667,0.3564004,0.7598676767879468,1.2955669452054928
510,E05000135,F,5040,49,0.009722222222222222,1.222222222222222,0.3986447619047619,0.7607264711843802,0.7490033389244966
511,E05000139,E,4576,53,0.011582167832167832,1.1597465034965035,0.28140782342657344,0.7482572206750047,0.6129247548280274
512,E05000145,D,3230,37,0.011455108359133126,1.1894736842105262,0.33286201238390095,0.7457808128496172,1.1563963135675515
513,E05000128,D,2506,28,0.0111731843575419,1.1871508379888267,0.3424719473264166,0.7719388651026903,0.9195416673918566
514,E05000136,B,3250,37,0.011384615384615385,1.1815384615384614,0.31618098461538463,0.7732207788785562,1.1322240519129094
515,E05000142,B,12289,195,0.01586784929611848,1.1118073073480348,0.2891255187566116,0.7230504518723806,0.9214621740015173
516,E05000583,D,18069,264,0.014610659139963473,1.1218661796446954,0.2825014333942111,0.7097967911750577,1.1600476912220123
517,E05000575,D,4932,55,0.011151662611516627,1.140308191403082,0.2533902879156529,0.7290933498691375,1.1903714763512683
518,E05000586,B,3442,41,0.011911679256246368,1.1792562463683904,0.2985942475305055,0.7590525792568715,0.9216114634708363
519,E05000585,D,18384,161,0.008757615317667536,1.1479547432550044,0.2921799608355091,0.7712663188643231,1.016576166974026
520,E05000580,B,1456,16,0.01098901098901099,1.1188186813186813,0.3116713598901099,0.7516349223152103,0.9346465449991459
521,E05000574,B,2781,33,0.011866235167206042,1.160373966199209,0.2866,0.7433895586224524,0.7745477491332787
522,E05000581,B,1568,20,0.012755102040816327,1.1760204081632653,0.2943910076530612,0.7625574156342945,1.1220630575892498
523,E05000573,B,7713,80,0.010372099053545962,1.202126280305977,0.31753535589264875,0.7721997720817882,0.8864644756797975
524,E05000584,B,2710,41,0.015129151291512915,1.140590405904059,0.23239859778597785,0.7295200761364868,0.9723579219560605
525,E05000582,B,2115,32,0.015130023640661938,1.1243498817966904,0.2617136170212766,0.716825267997676,0.8698991831537097
526,E05000579,B,983,16,0.01627670396744659,1.115971515768057,0.2068943031536114,0.7401538576130248,0.6207038568141758
527,E05000578,B,970,15,0.015463917525773196,1.160824742268041,0.2687259793814433,0.7574134059866271,0.6952653741120578
528,E05000577,E,4576,53,0.011582167832167832,1.1861888111888113,0.3298585664335664,0.7534091513685157,0.7963453866123988
529,E05000576,B,7024,92,0.013097949886104784,1.175256264236902,0.2984167283599089,0.7590673810152513,1.332906009085322
530,E05000589,B,5902,109,0.018468315825144018,1.1606235174517112,0.2783851067434768,0.7357659745782722,1.0191180000145157
531,E05000587,B,25966,202,0.007779403835785258,1.1934837864900254,0.3174421320187938,0.7719611296226905,0.915594938493882
532,E05000588,B,10626,75,0.007058159232072276,1.1859589685676641,0.2928393280632411,0.7745823526383759,0.9651855921234453
533,E05000370,E,13025,129,0.009904030710172745,1.1834165067178504,0.3158281151631478,0.7584972320013341,1.088836961521142
534,E05000368,B,5803,62,0.010684128898845425,1.2078235395485093,0.323071221781837,0.7726076925523898,1.0913410436091378
535,E05000379,E,13580,138,0.0101620029455081,1.2072901325478644,0.3427890942562592,0.7753893801218417,1.010776018875458
536,E05000375,E,1863,40,0.02147074610842727,1.1749865807836821,0.31765093934514227,0.7462327958820053,1.0975379779580952
537,E05000372,E,2962,23,0.007765023632680621,1.1448345712356516,0.2907482444294396,0.7282269081419198,0.9891493098627041
538,E05000373,E,9378,177,0.018873960332693538,1.0855193004905097,0.2717437193431435,0.67646249741383,0.9451082776667623
539,E05000381,E,1610,17,0.010559006211180125,1.2403726708074534,0.34215919254658383,0.7828984183666322,0.7698381754260649
540,E05000367,D,15283,175,0.011450631420532618,1.1855656611921743,0.3261051429693123,0.7585344239252432,0.8300282389569186
541,E05000380,E,8510,98,0.011515863689776733,1.1941245593419505,0.32848448883666276,0.7536225044821835,1.2640792194559862
542,E05000369,E,1291,18,0.013942680092951201,1.1727343144848954,0.31420650658404337,0.7399454401015799,1.0726270075218107
543,E05000366,E,4406,42,0.009532455742169769,1.1972310485701316,0.33390083976395823,0.7663939139286249,1.3312005201086832
544,E05000378,E,1253,19,0.015163607342378291,1.1652035115722268,0.26856504389465286,0.7572277761055931,1.083980710304187
545,E05000376,E,2711,46,0.016967908520841016,1.1468092954629288,0.2617454813721874,0.7369356189020976,1.009170782476378
546,E05000371,E,3986,67,0.016808830908178626,1.1726041144004014,0.31806171600602107,0.7430194133275347,0.9529051359157916
547,E05000374,E,1141,14,0.012269938650306749,1.1726555652936022,0.2757973707274321,0.7549919367805386,1.003759346135877
548,E05000377,E,1996,29,0.014529058116232466,1.1768537074148298,0.33768877755511023,0.7556912144273186,0.9580157106443419
549,E05000239,B,50419,548,0.010868918463277732,1.1928638013447312,0.31594529244927505,0.760669725475218,0.995289246151317
550,E05000231,B,1830,30,0.01639344262295082,1.1704918032786884,0.286039781420765,0.7460760903776749,1.3125064344546087
551,E05000236,B,5116,66,0.012900703674745896,1.2062157935887412,0.3425437451133698,0.7622617249003146,1.3097838161438164
552,E05000245,B,8253,78,0.009451108687749909,1.1945959045195687,0.3204486732097419,0.7665575782028978,1.2104064155704686
553,E05000249,E,5266,40,0.007595898214963919,1.1980630459551842,0.3228025066464109,0.7703322546828744,1.0329240743313957
554,E05000235,E,14008,110,0.007852655625356938,1.1841804683038264,0.317510658195317,0.7722075000386829,1.0759508569562022
555,E05000247,E,4369,39,0.008926527809567406,1.2078278782330052,0.34860981918059053,0.7682528521823295,0.9257019111219665
556,E05000238,E,2222,39,0.01755175517551755,1.1737173717371736,0.339163501350135,0.7382000654426325,0.8491285283917982
557,E05000242,G,4509,71,0.015746285207363053,1.1372809935684187,0.2707331559104014,0.7259361018360116,1.081681009077233
558,E05000244,B,1654,32,0.019347037484885126,1.1541717049576783,0.2207606408706167,0.7609300929429751,1.2281891334060058
559,E05000232,E,1632,15,0.009191176470588236,1.0441176470588236,0.13906323529411765,0.805114096736117,1.1317020374668818
560,E05000241,B,1144,38,0.033216783216783216,1.1276223776223775,0.26885131118881117,0.7075134708466693,1.0364096074001297
561,E05000240,B,13802,185,0.013403854513838574,1.1741052021446168,0.28896988842196786,0.7461524734794923,0.7774621319109288
562,E05000248,E,1903,22,0.011560693641618497,1.1644771413557542,0.30075176037835,0.7640698624373838,1.2857699770934605
563,E05000237,B,5949,87,0.014624306606152295,1.1961674230963186,0.3316541099344428,0.7617913592012139,0.9585549329440586
564,E05000233,B,6132,222,0.036203522504892366,1.1435094585779517,0.2924213144161774,0.7151807108659964,0.9575494776636475
565,E05000234,E,2119,27,0.012741859367626238,1.2151958470976876,0.3597220386974988,0.7764001391256286,0.9341036154338302
566,E05000243,E,1908,26,0.013626834381551363,1.1839622641509433,0.28763003144654087,0.7733093595552002,1.0524320508973002
567,E05000246,B,839,17,0.02026221692491061,1.0917759237187128,0.21814541120381406,0.7278887457001544,1.3325570276771832
568,E05000272,F,3468,61,0.017589388696655134,1.1790657439446366,0.30831029411764704,0.7513609072988549,1.2311490979435336
569,E05000271,E,3794,51,0.013442277279915656,1.1296784396415394,0.31282954665260937,0.7539162611055921,0.9519877245701879
570,E05000270,F,2993,57,0.019044437019712663,1.2108252589375208,0.3486599398596726,0.7557704602833653,1.4294182319518347
571,E05000267,G,1833,20,0.010911074740861976,1.105291871249318,0.18776246590289145,0.7611631682385788,1.3573068331312026
572,E05000269,F,3412,40,0.011723329425556858,1.212778429073857,0.3528010550996483,0.7554791670949176,1.0263900001734478
573,E05000279,E,974,31,0.03182751540041068,1.179671457905544,0.2979974332648871,0.7193554207322453,0.6642802492620732
574,E05000274,F,2483,30,0.012082158679017317,1.2130487313733387,0.32981566653242045,0.7662519323395022,0.8548255099729085
575,E05000273,E,1606,34,0.021170610211706103,1.1936488169364883,0.3289169364881694,0.7440131833132411,1.4322735733424474
576,E05000266,F,6534,69,0.010560146923783287,1.204775022956841,0.3385633455769819,0.7714124940304156,0.7056865701326933
577,E05000275,G,2381,30,0.0125997480050399,1.2099958000839983,0.40670184796304076,0.7641779629101847,0.6981658241742699
578,E05000284,G,1722,19,0.011033681765389082,1.1806039488966318,0.3686371660859466,0.7565779288873281,0.6728691998812586
579,E05000277,G,1082,18,0.0166358595194085,1.1469500924214417,0.24179805914972274,0.7387355528621578,0.8197483981349516
580,E05000278,G,1501,25,0.016655562958027982,1.1492338441039307,0.24017568287808128,0.7328471130330639,1.1549786916739428
581,E05000280,G,2679,23,0.008585293019783502,1.189249720044793,0.3596811496827174,0.7750683884368098,0.7490033389244966
582,E05000282,G,690,8,0.011594202898550725,1.1652173913043478,0.2592865217391304,0.7736085662672613,1.0828292008334262
583,E05000281,G,2146,26,0.012115563839701771,1.1817334575955265,0.2993251630941286,0.7479543014689407,0.5555365967291861
584,E05000283,G,317,5,0.015772870662460567,1.1419558359621451,0.28960157728706626,0.740349478594093,0.5464564222485762
585,E05000268,G,2739,33,0.012048192771084338,1.1920408908360716,0.28944231471339904,0.7554885299320765,0.35569801063169865
586,E05000276,G,4188,69,0.0164756446991404,1.0904966571155683,0.31697218242597897,0.6708913426649429,0.7748620283475025
587,E05000491,D,4143,87,0.020999275887038378,1.0934105720492397,0.27359995172580254,0.6843262679582502,1.1906905013532794
588,E05000477,G,1782,37,0.020763187429854096,1.1980920314253647,0.2891522446689113,0.756481246228842,0.48691270946460224
589,E05000475,G,1633,44,0.02694427434170239,1.1408450704225352,0.28408787507654626,0.7174795905527562,0.39817113172048235
590,E05000482,G,120,2,0.016666666666666666,1.1833333333333333,0.24696583333333333,0.751050498662437,0.6508896177506782
591,E05000492,G,25076,313,0.012482054554155369,1.1442415058223,0.30526860743340245,0.7421380165674549,1.0128519735343926
592,E05000478,G,5485,73,0.013309024612579764,1.1608021877848678,0.38900164083865085,0.7380895503903626,0.8645411630190152
593,E05000479,G,10255,116,0.011311555338859093,1.1652852267186737,0.4431141491955144,0.7216208272453565,0.3264420409566655
594,E05000490,G,701,18,0.025677603423680456,1.0827389443651927,0.19872339514978601,0.6803996043348385,0.20619205063323187
595,E05000494,G,801,12,0.0149812734082397,1.1385767790262171,0.31160823970037455,0.7341865259044517,0.6692249093461555
596,E05000489,G,555,15,0.02702702702702703,1.0774774774774776,0.23141243243243242,0.7208814590120375,0.4377023180952629
597,E05000484,G,1429,11,0.007697690692792162,1.2806158152554235,0.38160601819454165,0.7975134904084817,0.8943735561793978
598,E05000476,G,325,6,0.018461538461538463,1.1076923076923078,0.25086215384615385,0.719982080437548,0.9051852293680358
599,E05000480,C,1518,35,0.0230566534914361,1.1482213438735178,0.3307281949934124,0.7298271174036658,0.6839884329677817
600,E05000486,C,416,7,0.016826923076923076,1.1995192307692308,0.3008841346153846,0.7714294519584198,0.4913274484505221
601,E05000485,C,246,2,0.008130081300813009,1.1422764227642277,0.24829756097560976,0.7543697014953251,0.6702597024060524
602,E05000481,C,274,2,0.0072992700729927005,1.2883211678832116,0.31271715328467153,0.7620297911267142,0.4967963698504464
603,E05000493,C,83,2,0.024096385542168676,1.1566265060240963,0.21166987951807228,0.7292940665415526,0.7529115919539996
604,E05000483,G,1377,80,0.05809731299927379,1.1256354393609296,0.24270058097313,0.723402643382354,0.3238156626710653
605,E05000488,G,585,10,0.017094017094017096,1.1367521367521367,0.3179637606837607,0.7378051225367735,0.9011552267701233
606,E05000487,G,396,19,0.047979797979797977,1.1641414141414141,0.19754570707070707,0.7376412070156173,0.7797597288790704
607,E05000032,B,1270,16,0.012598425196850394,1.2866141732283465,0.4449784251968504,0.7798990377853608,0.9504299460951643
608,E05000039,G,675,16,0.023703703703703703,1.2385185185185186,0.3904368888888889,0.7505302150700429,1.098352593630124
609,E05000038,A,110,3,0.02727272727272727,1.1363636363636365,0.33559272727272726,0.7164544810888186,0.4571022932554297
610,E05000041,A,225,0,0.0,1.1511111111111112,0.23215733333333333,0.8050382516647182,0.718138141492276
611,E05000026,G,1415,14,0.009893992932862191,1.2501766784452297,0.4773966784452297,0.7701475450250548,1.2357752575175691
612,E05000035,C,198,2,0.010101010101010102,1.196969696969697,0.3764020202020202,0.7416442159934977,0.6648642241909106
613,E05000031,A,216,11,0.05092592592592592,1.1435185185185186,0.34297222222222223,0.729676295980624,0.7942680770051028
614,E05000033,A,211,2,0.009478672985781991,1.4644549763033174,0.5228867298578199,0.8218520578006421,0.2984358127031066
615,E05000036,A,232,4,0.017241379310344827,1.2327586206896552,0.3985793103448276,0.754118687323029,0.43749495735702343
616,E05000028,A,1224,22,0.017973856209150325,1.2336601307189543,0.3632091503267974,0.7581602752913775,0.7854634705649197
617,E05000027,A,782,14,0.017902813299232736,1.251918158567775,0.5094186700767264,0.7634346508367057,0.3179367802622418
618,E05000040,A,271,2,0.007380073800738007,1.140221402214022,0.32280553505535053,0.7540811047013072,0.24493002679463532
619,E05000034,A,145,3,0.020689655172413793,1.1655172413793102,0.357451724137931,0.7334578928207628,0.5167535908014582
620,E05000042,A,1015,77,0.07586206896551724,1.006896551724138,0.11229408866995073,0.5918324907948632,1.0206687537032066
621,E05000030,A,879,12,0.013651877133105802,1.1695108077360636,0.38805153583617746,0.7422778026119197,0.5115867519685875
622,E05000029,A,279,9,0.03225806451612903,1.1541218637992832,0.3066831541218638,0.6875539114321028,1.0647404846599973
623,E05000037,A,86,0,0.0,1.2325581395348837,0.3741116279069767,0.7812983490881097,0.0
