MSOA, spearmanr, spearmanr_p, wilcoxon, wilcoxon_p, rel_ttest, rel_ttest_p
E02000001,0.9928,0.0000,33573.0000,0.0000,0.3522,0.7248
E02000002,0.9998,0.0000,507.0000,0.0000,-2.8882,0.0041
E02000003,0.9985,0.0000,2418.0000,0.0000,4.2872,0.0000
E02000004,0.9969,0.0000,5614.0000,0.0000,-3.1241,0.0019
E02000005,0.9977,0.0000,7541.0000,0.0022,-2.8365,0.0048
E02000007,0.9994,0.0000,1249.0000,0.0000,3.7231,0.0002
E02000008,0.9998,0.0000,783.0000,0.7296,-0.2453,0.8063
E02000009,0.9969,0.0000,13643.0000,0.0232,-2.2624,0.0241
E02000010,0.9996,0.0000,960.0000,0.9079,-0.3403,0.7338
E02000011,0.9993,0.0000,1502.0000,0.0025,-1.4113,0.1588
E02000012,0.9987,0.0000,1918.0000,0.0000,-1.7004,0.0897
E02000013,0.9993,0.0000,2013.0000,0.7515,-0.0384,0.9694
E02000014,0.9951,0.0000,11821.0000,0.0790,-1.2912,0.1973
E02000015,0.9997,0.0000,79.0000,0.0000,-5.7741,0.0000
E02000016,0.9956,0.0000,13437.0000,0.0000,-2.6699,0.0079
E02000017,0.9990,0.0000,2322.0000,0.9825,0.1656,0.8685
E02000018,0.9981,0.0000,4848.0000,0.3803,-0.9660,0.3346
E02000019,0.9990,0.0000,4682.0000,0.5055,0.1855,0.8529
E02000020,0.9992,0.0000,5858.0000,0.4633,-1.1164,0.2648
E02000021,0.9991,0.0000,1243.0000,0.0008,2.5122,0.0123
E02000022,0.9968,0.0000,14215.0000,0.0036,1.6399,0.1017
E02000023,0.9986,0.0000,3633.0000,0.2997,0.2417,0.8091
E02000024,0.9954,0.0000,21150.0000,0.3941,-0.0559,0.9554
E02000025,0.9989,0.0000,1916.0000,0.0025,1.9466,0.0522
E02000026,0.9984,0.0000,4925.0000,0.0340,0.7637,0.4455
E02000027,0.9989,0.0000,1774.0000,0.0000,4.2865,0.0000
E02000028,0.9988,0.0000,4449.0000,0.5510,0.7345,0.4630
E02000029,0.9973,0.0000,11006.0000,0.2241,0.4644,0.6426
E02000030,0.9964,0.0000,23485.0000,0.0024,-1.1644,0.2449
E02000031,0.9982,0.0000,8135.0000,0.0000,3.2924,0.0011
E02000032,0.9996,0.0000,386.0000,0.0000,3.1800,0.0016
E02000033,0.9955,0.0000,23328.0000,0.3847,-0.2383,0.8118
E02000034,0.9983,0.0000,4169.0000,0.1111,1.3770,0.1692
E02000035,0.9981,0.0000,5109.0000,0.0000,3.1313,0.0018
E02000036,0.9988,0.0000,3935.0000,0.1503,-0.0214,0.9829
E02000037,0.9978,0.0000,5385.0000,0.3572,-0.2992,0.7649
E02000038,0.9979,0.0000,5496.0000,0.0000,-3.4000,0.0007
E02000039,0.9974,0.0000,206.0000,0.0000,-5.1277,0.0000
E02000040,0.9960,0.0000,304.0000,0.0000,-3.9672,0.0001
E02000041,0.9968,0.0000,8440.0000,0.0806,0.8905,0.3736
E02000042,0.9973,0.0000,13920.0000,0.0005,1.5198,0.1292
E02000043,0.9994,0.0000,1538.0000,0.9901,0.8151,0.4154
E02000044,0.9997,0.0000,562.0000,0.0059,-0.7206,0.4715
E02000045,0.9991,0.0000,4364.0000,0.0000,3.4205,0.0007
E02000046,0.9982,0.0000,9847.0000,0.0000,2.4759,0.0136
E02000047,0.9976,0.0000,6109.0000,0.0001,-2.9277,0.0036
E02000048,0.9978,0.0000,10623.0000,0.0001,2.4044,0.0166
E02000049,0.9994,0.0000,1557.0000,0.1308,0.9535,0.3408
E02000050,0.9978,0.0000,7318.0000,0.0000,4.6570,0.0000
E02000051,0.9985,0.0000,7417.0000,0.2013,0.8243,0.4102
E02000052,0.9958,0.0000,10834.0000,0.0000,2.3137,0.0211
E02000053,0.9966,0.0000,18081.0000,0.0220,-0.8850,0.3766
E02000054,0.9975,0.0000,2582.0000,0.0000,-5.5553,0.0000
E02000055,0.9974,0.0000,10757.0000,0.0011,0.8304,0.4067
E02000056,0.9979,0.0000,7064.0000,0.0000,4.4691,0.0000
E02000057,0.9984,0.0000,4321.0000,0.3132,0.5850,0.5588
E02000058,0.9949,0.0000,7342.0000,0.0000,-5.8416,0.0000
E02000059,0.9978,0.0000,5891.0000,0.0001,3.1515,0.0017
E02000060,0.9996,0.0000,1321.0000,0.2743,0.2121,0.8321
E02000061,0.9966,0.0000,13425.0000,0.0000,-4.2091,0.0000
E02000062,0.9977,0.0000,11494.0000,0.0044,-1.0156,0.3103
E02000063,0.9988,0.0000,2157.0000,0.0001,-1.4907,0.1367
E02000064,0.9980,0.0000,6483.0000,0.0070,1.4543,0.1465
E02000065,0.9960,0.0000,10766.0000,0.0218,1.6032,0.1096
E02000066,0.9963,0.0000,182.0000,0.0000,-2.4846,0.0133
E02000067,0.9980,0.0000,4332.0000,0.2097,0.6362,0.5249
E02000068,0.9969,0.0000,10371.0000,0.0040,-2.1121,0.0352
E02000069,0.9984,0.0000,3081.0000,0.0000,-3.2258,0.0013
E02000070,0.9986,0.0000,132.0000,0.0000,-7.0264,0.0000
E02000071,0.9987,0.0000,3177.0000,0.0003,-1.6194,0.1060
E02000072,0.9977,0.0000,4322.0000,0.0001,1.5121,0.1312
E02000073,0.9995,0.0000,1160.0000,0.3875,0.7740,0.4393
E02000074,0.9995,0.0000,95.0000,0.0000,6.0807,0.0000
E02000075,0.9993,0.0000,499.0000,0.0000,-2.4063,0.0165
E02000077,0.9995,0.0000,385.0000,0.0893,-0.6983,0.4853
E02000078,0.9985,0.0000,4159.0000,0.0343,-1.6438,0.1009
E02000079,0.9968,0.0000,15490.0000,0.0000,1.9938,0.0468
E02000080,0.9974,0.0000,10855.0000,0.0212,0.6342,0.5262
E02000081,0.9981,0.0000,1941.0000,0.0000,-3.4208,0.0007
E02000082,0.9997,0.0000,2044.0000,0.4772,0.5728,0.5670
E02000083,0.9977,0.0000,6767.0000,0.0000,3.1264,0.0019
E02000084,0.9962,0.0000,22651.0000,0.9607,-1.4838,0.1385
E02000085,0.9996,0.0000,605.0000,0.0002,-2.4938,0.0130
E02000086,0.9977,0.0000,7022.0000,0.0002,-1.6351,0.1027
E02000087,0.9971,0.0000,9728.0000,0.0000,3.0414,0.0025
E02000088,0.9994,0.0000,439.0000,0.0000,-2.0602,0.0399
E02000089,0.9997,0.0000,860.0000,0.0011,2.2821,0.0229
E02000090,0.9966,0.0000,9932.0000,0.0000,-3.3244,0.0010
E02000091,0.9980,0.0000,6349.0000,0.0020,-1.4278,0.1540
E02000092,0.9965,0.0000,12646.0000,0.4596,-0.5558,0.5786
E02000093,0.9991,0.0000,3839.0000,0.2116,0.8327,0.4054
E02000094,0.9988,0.0000,2373.0000,0.0000,-4.7388,0.0000
E02000095,0.9988,0.0000,4029.0000,0.0000,-2.8597,0.0044
E02000096,0.9993,0.0000,2903.0000,0.2280,0.7759,0.4382
E02000097,0.9991,0.0000,2833.0000,0.0014,1.1052,0.2697
E02000098,0.9990,0.0000,1388.0000,0.0000,2.4909,0.0131
E02000099,0.9971,0.0000,5528.0000,0.0556,1.5560,0.1204
E02000100,0.9977,0.0000,8873.0000,0.0001,-0.3703,0.7114
E02000101,0.9956,0.0000,18883.0000,0.9444,-0.6479,0.5174
E02000102,0.9991,0.0000,1202.0000,0.0017,-0.8382,0.4023
E02000103,0.9970,0.0000,11647.0000,0.0015,-3.3405,0.0009
E02000104,0.9997,0.0000,414.0000,0.0000,-0.8763,0.3813
E02000105,0.9982,0.0000,4875.0000,0.0009,1.4186,0.1567
E02000106,0.9991,0.0000,348.0000,0.0000,4.4353,0.0000
E02000107,0.9992,0.0000,2846.0000,0.0000,2.1536,0.0318
E02000108,0.9989,0.0000,3464.0000,0.5580,0.2995,0.7647
E02000109,0.9948,0.0000,600.0000,0.0000,-7.0442,0.0000
E02000110,0.9993,0.0000,2265.0000,0.0042,-0.0322,0.9743
E02000111,0.9973,0.0000,5145.0000,0.0000,4.1619,0.0000
E02000112,0.9951,0.0000,17613.0000,0.0017,1.5602,0.1194
E02000113,0.9973,0.0000,3700.0000,0.0000,-3.3301,0.0009
E02000114,0.9956,0.0000,9318.0000,0.0000,-3.2348,0.0013
E02000115,0.9978,0.0000,3607.0000,0.0000,-3.4972,0.0005
E02000116,0.9966,0.0000,12400.0000,0.0095,-1.6354,0.1026
E02000117,0.9983,0.0000,385.0000,0.0000,5.7257,0.0000
E02000118,0.9968,0.0000,292.0000,0.0000,-7.1487,0.0000
E02000119,0.9975,0.0000,8974.0000,0.0000,-3.2264,0.0013
E02000120,0.9979,0.0000,9772.0000,0.1387,0.0883,0.9296
E02000121,0.9974,0.0000,6855.0000,0.0166,-1.2120,0.2261
E02000122,0.9987,0.0000,4003.0000,0.1201,0.5481,0.5839
E02000123,0.9971,0.0000,11041.0000,0.0000,2.5346,0.0116
E02000124,0.9960,0.0000,23794.0000,0.0001,2.2201,0.0269
E02000125,0.9971,0.0000,9484.0000,0.0000,1.3162,0.1887
E02000126,0.9971,0.0000,7337.0000,0.0000,5.6028,0.0000
E02000127,0.9990,0.0000,1764.0000,0.0000,-3.3184,0.0010
E02000128,0.9975,0.0000,751.0000,0.0000,-7.6514,0.0000
E02000130,0.9984,0.0000,8021.0000,0.0021,1.3553,0.1760
E02000131,0.9938,0.0000,502.0000,0.0000,-8.6935,0.0000
E02000132,0.9939,0.0000,22688.0000,0.0000,3.7744,0.0002
E02000133,0.9966,0.0000,20574.0000,0.2946,-1.1932,0.2334
E02000134,0.9937,0.0000,22798.0000,0.0000,1.3648,0.1730
E02000135,0.9989,0.0000,7708.0000,0.0108,0.3460,0.7295
E02000136,0.9987,0.0000,6225.0000,0.3753,0.4618,0.6444
E02000137,0.9979,0.0000,7514.0000,0.0001,-1.5209,0.1290
E02000138,0.9976,0.0000,12844.0000,0.0130,-3.0266,0.0026
E02000139,0.9979,0.0000,4462.0000,0.0000,3.0374,0.0025
E02000140,0.9995,0.0000,1259.0000,0.4888,-0.0533,0.9575
E02000141,0.9983,0.0000,7445.0000,0.0243,-1.0874,0.2774
E02000142,0.9991,0.0000,1210.0000,0.0000,-3.0171,0.0027
E02000144,0.9965,0.0000,16316.0000,0.0219,-1.5112,0.1314
E02000145,0.9983,0.0000,5556.0000,0.3823,0.3927,0.6947
E02000146,0.9980,0.0000,5214.0000,0.0040,1.3387,0.1813
E02000147,0.9989,0.0000,1960.0000,0.0000,-1.9874,0.0475
E02000148,0.9969,0.0000,5392.0000,0.0000,-2.0862,0.0375
E02000149,0.9993,0.0000,2157.0000,0.4296,0.2885,0.7731
E02000150,0.9963,0.0000,13455.0000,0.0002,2.1491,0.0321
E02000151,0.9996,0.0000,551.0000,0.0007,-0.8595,0.3905
E02000152,0.9984,0.0000,4210.0000,0.7952,-0.1145,0.9089
E02000153,0.9991,0.0000,5478.0000,0.0459,-0.7502,0.4535
E02000154,0.9947,0.0000,12622.0000,0.0000,-4.2114,0.0000
E02000155,0.9992,0.0000,97.0000,0.0000,-3.9751,0.0001
E02000156,0.9969,0.0000,9299.0000,0.0000,2.3561,0.0189
E02000157,0.9993,0.0000,639.0000,0.0000,-2.5945,0.0098
E02000158,0.9998,0.0000,421.0000,0.0091,-1.4635,0.1440
E02000159,0.9986,0.0000,5961.0000,0.0131,-0.6091,0.5427
E02000160,0.9978,0.0000,6470.0000,0.0003,-1.7329,0.0838
E02000161,0.9994,0.0000,607.0000,0.0544,1.4325,0.1527
E02000162,0.9946,0.0000,20739.0000,0.0625,0.0630,0.9498
E02000163,0.9944,0.0000,1928.0000,0.0000,5.5385,0.0000
E02000165,0.9972,0.0000,4157.0000,0.0000,-1.7778,0.0761
E02000166,0.9955,0.0000,29920.0000,0.0000,-2.4042,0.0166
E02000167,0.9960,0.0000,14456.0000,0.0000,3.4544,0.0006
E02000168,0.9957,0.0000,20971.0000,0.0000,-3.5351,0.0004
E02000169,0.9968,0.0000,8527.0000,0.0000,6.0043,0.0000
E02000170,0.9980,0.0000,10310.0000,0.0184,-1.3894,0.1654
E02000171,0.9982,0.0000,4142.0000,0.0000,5.0843,0.0000
E02000172,0.9975,0.0000,10229.0000,0.0000,1.3339,0.1829
E02000173,0.9973,0.0000,19856.0000,0.0008,-0.1065,0.9153
E02000174,0.9983,0.0000,11314.0000,0.0000,-3.2488,0.0012
E02000175,0.9972,0.0000,12915.0000,0.0000,3.8844,0.0001
E02000176,0.9973,0.0000,7720.0000,0.0000,-2.7882,0.0055
E02000177,0.9957,0.0000,16734.0000,0.0000,1.5008,0.1341
E02000178,0.9974,0.0000,11158.0000,0.0095,1.0415,0.2982
E02000179,0.9974,0.0000,14252.0000,0.0000,-0.4373,0.6621
E02000180,0.9978,0.0000,8200.0000,0.0000,3.5055,0.0005
E02000181,0.9978,0.0000,11978.0000,0.5218,-1.1994,0.2310
E02000182,0.9972,0.0000,28542.0000,0.0006,-2.0303,0.0429
E02000183,0.9961,0.0000,35762.0000,0.0015,-2.1162,0.0349
E02000184,0.9954,0.0000,15217.0000,0.0000,2.1682,0.0306
E02000185,0.9978,0.0000,10230.0000,0.0013,-2.0008,0.0460
E02000186,0.9949,0.0000,34316.0000,0.0000,-0.5866,0.5578
E02000187,0.9946,0.0000,43372.0000,0.0117,-1.2618,0.2076
E02000188,0.9929,0.0000,39631.0000,0.4778,-2.0122,0.0448
E02000189,0.9927,0.0000,15467.0000,0.0000,2.2942,0.0222
E02000190,0.9944,0.0000,18982.0000,0.0000,1.9873,0.0475
E02000191,0.9950,0.0000,29095.0000,0.0000,0.7763,0.4380
E02000192,0.9954,0.0000,10961.0000,0.0000,6.0715,0.0000
E02000193,0.9940,0.0000,38474.0000,0.0000,-3.9552,0.0001
E02000194,0.9987,0.0000,11306.0000,0.0000,-1.7076,0.0884
E02000195,0.9978,0.0000,2997.0000,0.0000,5.3012,0.0000
E02000196,0.9977,0.0000,8536.0000,0.5577,0.6178,0.5370
E02000197,0.9989,0.0000,4519.0000,0.0064,-0.9452,0.3450
E02000198,0.9997,0.0000,688.0000,0.1370,-0.5747,0.5658
E02000199,0.9989,0.0000,1251.0000,0.8771,0.1565,0.8757
E02000200,0.9980,0.0000,12111.0000,0.0000,2.5599,0.0108
E02000201,0.9966,0.0000,17493.0000,0.1310,-1.9218,0.0552
E02000202,0.9971,0.0000,3363.0000,0.0000,-3.4391,0.0006
E02000203,0.9979,0.0000,1076.0000,0.0000,-2.4353,0.0153
E02000204,0.9965,0.0000,7175.0000,0.1057,-1.0307,0.3032
E02000206,0.9987,0.0000,2117.0000,0.0000,-4.5154,0.0000
E02000207,0.9986,0.0000,6940.0000,0.2103,0.3786,0.7052
E02000208,0.9991,0.0000,4186.0000,0.6447,0.1290,0.8974
E02000209,0.9979,0.0000,1599.0000,0.0000,3.8663,0.0001
E02000210,0.9990,0.0000,76.0000,0.0000,-6.4739,0.0000
E02000211,0.9995,0.0000,156.0000,0.0000,3.8376,0.0001
E02000212,0.9965,0.0000,7960.0000,0.1427,1.2604,0.2081
E02000213,0.9969,0.0000,10236.0000,0.0540,0.0323,0.9743
E02000214,0.9971,0.0000,10080.0000,0.4980,-0.7683,0.4427
E02000215,0.9962,0.0000,8772.0000,0.0002,3.2261,0.0013
E02000216,0.9984,0.0000,8279.0000,0.4188,1.1486,0.2513
E02000217,0.9937,0.0000,10939.0000,0.0000,7.8622,0.0000
E02000218,0.9997,0.0000,784.0000,0.0002,-3.1042,0.0020
E02000219,0.9971,0.0000,5908.0000,0.0000,-2.6737,0.0078
E02000220,0.9950,0.0000,26271.0000,0.0000,2.0480,0.0411
E02000221,0.9971,0.0000,16268.0000,0.0000,1.5226,0.1285
E02000222,0.9984,0.0000,6664.0000,0.0587,1.2526,0.2110
E02000223,0.9999,0.0000,63.0000,0.0392,0.4440,0.6572
E02000224,0.9968,0.0000,10463.0000,0.0015,0.8601,0.3902
E02000225,0.9991,0.0000,951.0000,0.0000,-0.2826,0.7776
E02000226,0.9991,0.0000,2779.0000,0.0495,-1.2398,0.2157
E02000227,0.9984,0.0000,6281.0000,0.3567,0.9290,0.3534
E02000228,0.9984,0.0000,2077.0000,0.0000,-2.0267,0.0433
E02000229,0.9995,0.0000,1112.0000,0.0222,2.3344,0.0200
E02000230,0.9969,0.0000,17000.0000,0.0490,-1.2265,0.2206
E02000231,0.9988,0.0000,1621.0000,0.0000,2.4456,0.0148
E02000232,0.9984,0.0000,3199.0000,0.0000,-2.8627,0.0044
E02000233,0.9999,0.0000,204.0000,0.5577,-0.1180,0.9061
E02000234,0.9952,0.0000,18096.0000,0.1226,-2.0490,0.0410
E02000235,0.9966,0.0000,8365.0000,0.0514,0.7113,0.4772
E02000236,0.9989,0.0000,2527.0000,0.0083,2.0466,0.0413
E02000237,0.9987,0.0000,616.0000,0.0000,3.7413,0.0002
E02000238,0.9983,0.0000,2557.0000,0.0001,-3.0527,0.0024
E02000239,0.9977,0.0000,1318.0000,0.0000,-5.4400,0.0000
E02000240,0.9997,0.0000,634.0000,0.4706,-0.5686,0.5699
E02000241,0.9971,0.0000,723.0000,0.0000,-3.1478,0.0018
E02000242,0.9992,0.0000,925.0000,0.3351,0.8624,0.3889
E02000243,0.9979,0.0000,6735.0000,0.0040,2.0239,0.0435
E02000244,0.9974,0.0000,9347.0000,0.0299,1.0724,0.2841
E02000245,0.9991,0.0000,1535.0000,0.0038,-2.2527,0.0247
E02000246,0.9990,0.0000,2083.0000,0.6945,-0.3762,0.7069
E02000247,0.9989,0.0000,463.0000,0.0000,-5.6163,0.0000
E02000248,0.9978,0.0000,3779.0000,0.0000,-3.6951,0.0002
E02000249,0.9996,0.0000,107.0000,0.0000,-4.8659,0.0000
E02000250,0.9984,0.0000,3694.0000,0.0000,1.7452,0.0816
E02000251,0.9982,0.0000,4107.0000,0.7266,0.2499,0.8027
E02000252,0.9977,0.0000,18601.0000,0.0004,0.7796,0.4360
E02000253,0.9987,0.0000,1299.0000,0.0438,0.9590,0.3381
E02000254,0.9990,0.0000,1233.0000,0.1256,-0.8641,0.3880
E02000255,0.9985,0.0000,6445.0000,0.0082,-1.9525,0.0515
E02000256,0.9984,0.0000,4503.0000,0.0000,-3.6833,0.0003
E02000257,0.9975,0.0000,22195.0000,0.0069,-1.0451,0.2965
E02000258,0.9980,0.0000,2332.0000,0.0000,2.7761,0.0057
E02000259,0.9992,0.0000,231.0000,0.0000,-5.3600,0.0000
E02000260,0.9950,0.0000,11363.0000,0.1372,-1.6534,0.0989
E02000261,0.9974,0.0000,9401.0000,0.0000,3.3345,0.0009
E02000262,0.9952,0.0000,15051.0000,0.0000,3.6694,0.0003
E02000263,0.9991,0.0000,3187.0000,0.4719,0.2103,0.8335
E02000264,0.9980,0.0000,9998.0000,0.0041,0.7404,0.4594
E02000265,0.9981,0.0000,3734.0000,0.0000,-2.0970,0.0365
E02000266,0.9976,0.0000,4329.0000,0.0000,-1.4995,0.1344
E02000267,0.9952,0.0000,23501.0000,0.7033,-0.4598,0.6459
E02000268,0.9974,0.0000,12367.0000,0.0000,2.6905,0.0074
E02000269,0.9961,0.0000,20507.0000,0.0031,1.1933,0.2333
E02000270,0.9982,0.0000,7441.0000,0.0054,-1.5455,0.1229
E02000271,0.9978,0.0000,5355.0000,0.0000,3.3745,0.0008
E02000272,0.9964,0.0000,9496.0000,0.0000,10.2489,0.0000
E02000274,0.9983,0.0000,8838.0000,0.0006,-2.1375,0.0331
E02000275,0.9989,0.0000,1650.0000,0.0007,2.4516,0.0146
E02000276,0.9985,0.0000,3486.0000,0.0000,2.3130,0.0212
E02000277,0.9961,0.0000,5576.0000,0.0000,2.5241,0.0119
E02000278,0.9981,0.0000,1841.0000,0.1399,0.9112,0.3627
E02000279,0.9980,0.0000,3455.0000,0.0000,-2.1518,0.0319
E02000280,0.9970,0.0000,10264.0000,0.0000,3.0647,0.0023
E02000281,0.9959,0.0000,9316.0000,0.0000,-4.2897,0.0000
E02000282,0.9995,0.0000,416.0000,0.0000,-4.7237,0.0000
E02000283,0.9997,0.0000,462.0000,0.5310,0.1088,0.9134
E02000284,0.9960,0.0000,12815.0000,0.0000,4.6545,0.0000
E02000285,0.9997,0.0000,191.0000,0.1722,1.3839,0.1670
E02000286,0.9989,0.0000,2641.0000,0.0000,-1.7097,0.0880
E02000287,0.9967,0.0000,12638.0000,0.0000,-1.8723,0.0618
E02000288,0.9964,0.0000,9221.0000,0.0158,1.6016,0.1099
E02000289,0.9991,0.0000,1067.0000,0.0000,-2.1194,0.0346
E02000290,0.9975,0.0000,8689.0000,0.0968,-0.4481,0.6543
E02000291,0.9965,0.0000,9917.0000,0.0000,-2.2146,0.0273
E02000292,0.9955,0.0000,26595.0000,0.7512,-1.1415,0.2542
E02000293,0.9989,0.0000,1763.0000,0.0000,2.7293,0.0066
E02000294,0.9988,0.0000,1922.0000,0.0381,-0.4908,0.6238
E02000295,0.9977,0.0000,7481.0000,0.0606,1.3226,0.1866
E02000296,0.9967,0.0000,15474.0000,0.1271,-0.9714,0.3318
E02000297,0.9987,0.0000,3984.0000,0.0190,-1.0325,0.3024
E02000298,0.9969,0.0000,1538.0000,0.0000,-5.3595,0.0000
E02000299,0.9993,0.0000,1174.0000,0.2501,-0.1462,0.8839
E02000300,0.9998,0.0000,105.0000,0.0002,-1.8080,0.0713
E02000301,0.9991,0.0000,1072.0000,0.0000,3.7824,0.0002
E02000302,0.9993,0.0000,1739.0000,0.0000,-2.1121,0.0352
E02000303,0.9970,0.0000,10688.0000,0.1809,-1.4031,0.1613
E02000304,0.9989,0.0000,3450.0000,0.0000,-2.3066,0.0215
E02000305,0.9979,0.0000,9822.0000,0.1253,-0.5762,0.5647
E02000306,0.9980,0.0000,4029.0000,0.0000,-4.1227,0.0000
E02000307,0.9968,0.0000,7236.0000,0.0063,-3.0474,0.0024
E02000308,0.9991,0.0000,2660.0000,0.0000,1.9303,0.0542
E02000309,0.9981,0.0000,10448.0000,0.9934,-0.0627,0.9500
E02000311,0.9990,0.0000,2934.0000,0.4118,-0.7130,0.4762
E02000312,0.9982,0.0000,11935.0000,0.1229,0.3081,0.7581
E02000313,0.9976,0.0000,2590.0000,0.0094,-0.4474,0.6548
E02000314,0.9983,0.0000,3792.0000,0.0000,2.7822,0.0056
E02000315,0.9992,0.0000,101.0000,0.0000,-0.7491,0.4541
E02000316,0.9959,0.0000,30356.0000,0.0002,0.6835,0.4946
E02000317,0.9986,0.0000,3050.0000,0.7407,0.2480,0.8042
E02000318,0.9994,0.0000,1694.0000,0.2069,-0.9096,0.3635
E02000319,0.9976,0.0000,10588.0000,0.8384,-0.7765,0.4378
E02000320,0.9958,0.0000,195.0000,0.0000,-1.6581,0.0980
E02000321,0.9988,0.0000,1736.0000,0.2101,-0.3495,0.7269
E02000323,0.9961,0.0000,22261.0000,0.0061,-3.3592,0.0008
E02000324,0.9969,0.0000,9890.0000,0.0000,2.9680,0.0032
E02000326,0.9980,0.0000,6409.0000,0.0002,2.4947,0.0129
E02000327,0.9961,0.0000,15855.0000,0.0006,-2.0766,0.0384
E02000328,0.9978,0.0000,5181.0000,0.0001,3.0168,0.0027
E02000329,0.9993,0.0000,778.0000,0.0006,-1.7607,0.0789
E02000331,0.9986,0.0000,3025.0000,0.0000,-3.5466,0.0004
E02000332,0.9962,0.0000,5457.0000,0.0000,-4.3083,0.0000
E02000333,0.9972,0.0000,2626.0000,0.0000,-6.9325,0.0000
E02000334,0.9989,0.0000,2723.0000,0.0000,-1.4658,0.1434
E02000335,0.9992,0.0000,1351.0000,0.0115,2.7717,0.0058
E02000337,0.9987,0.0000,1605.0000,0.0000,-2.8497,0.0046
E02000339,0.9973,0.0000,4998.0000,0.0018,1.6776,0.0941
E02000340,0.9939,0.0000,21948.0000,0.0694,1.7941,0.0734
E02000341,0.9996,0.0000,1714.0000,0.0979,1.4446,0.1492
E02000342,0.9991,0.0000,332.0000,0.0000,-1.3800,0.1683
E02000343,0.9995,0.0000,1934.0000,0.0098,-0.3291,0.7422
E02000344,0.9986,0.0000,3640.0000,0.4635,-0.7621,0.4464
E02000345,0.9975,0.0000,938.0000,0.0000,-5.1285,0.0000
E02000346,0.9975,0.0000,6427.0000,0.0000,3.7441,0.0002
E02000347,0.9976,0.0000,7326.0000,0.0000,3.4318,0.0007
E02000348,0.9987,0.0000,2073.0000,0.0000,-1.7552,0.0799
E02000350,0.9952,0.0000,12636.0000,0.0000,0.7735,0.4396
E02000351,0.9971,0.0000,6668.0000,0.0000,-2.7213,0.0067
E02000352,0.9967,0.0000,11250.0000,0.0000,2.2926,0.0223
E02000353,0.9970,0.0000,14450.0000,0.0000,3.7579,0.0002
E02000354,0.9961,0.0000,5782.0000,0.0000,8.9835,0.0000
E02000355,0.9968,0.0000,25658.0000,0.0450,-2.2326,0.0260
E02000356,0.9969,0.0000,6122.0000,0.0000,2.4801,0.0135
E02000357,0.9983,0.0000,5603.0000,0.0000,4.6003,0.0000
E02000358,0.9955,0.0000,8150.0000,0.0000,7.0402,0.0000
E02000359,0.9968,0.0000,13875.0000,0.7452,-0.4145,0.6787
E02000360,0.9960,0.0000,8253.0000,0.0000,6.5829,0.0000
E02000361,0.9950,0.0000,13841.0000,0.0000,5.0235,0.0000
E02000362,0.9968,0.0000,22579.0000,0.0000,-3.1518,0.0017
E02000363,0.9962,0.0000,16792.0000,0.0002,0.0700,0.9442
E02000364,0.9952,0.0000,10950.0000,0.0000,3.7862,0.0002
E02000365,0.9962,0.0000,13428.0000,0.0000,5.2070,0.0000
E02000366,0.9962,0.0000,4477.0000,0.0000,8.8075,0.0000
E02000367,0.9960,0.0000,28123.0000,0.0000,-0.9276,0.3541
E02000368,0.9956,0.0000,16564.0000,0.0000,-0.0896,0.9287
E02000369,0.9951,0.0000,7397.0000,0.0000,8.0885,0.0000
E02000370,0.9957,0.0000,10816.0000,0.0000,5.6840,0.0000
E02000371,0.9956,0.0000,13900.0000,0.0000,5.5285,0.0000
E02000372,0.9973,0.0000,26680.0000,0.5221,-1.2281,0.2200
E02000373,0.9989,0.0000,1395.0000,0.0004,-1.2528,0.2109
E02000374,0.9995,0.0000,2087.0000,0.0087,2.2826,0.0229
E02000375,0.9966,0.0000,29681.0000,0.0000,0.3143,0.7535
E02000376,0.9974,0.0000,20618.0000,0.0065,0.1100,0.9125
E02000377,0.9986,0.0000,5188.0000,0.0012,1.9522,0.0515
E02000378,0.9988,0.0000,4834.0000,0.0000,-2.6216,0.0090
E02000379,0.9961,0.0000,8687.0000,0.0000,5.8854,0.0000
E02000380,0.9970,0.0000,7547.0000,0.0000,7.2117,0.0000
E02000381,0.9979,0.0000,8530.0000,0.0000,2.6444,0.0085
E02000382,0.9980,0.0000,11912.0000,0.0000,1.6034,0.1095
E02000383,0.9964,0.0000,10338.0000,0.0000,4.0915,0.0001
E02000384,0.9962,0.0000,32270.0000,0.0016,-3.0472,0.0024
E02000385,0.9968,0.0000,14630.0000,0.0000,-2.8407,0.0047
E02000386,0.9980,0.0000,6815.0000,0.0000,2.4508,0.0146
E02000387,0.9977,0.0000,6011.0000,0.0000,-3.0833,0.0022
E02000388,0.9973,0.0000,14830.0000,0.0000,-3.3540,0.0009
E02000389,0.9982,0.0000,17279.0000,0.8651,-0.9084,0.3641
E02000390,0.9993,0.0000,1244.0000,0.0000,-3.5346,0.0004
E02000391,0.9964,0.0000,8292.0000,0.0000,-6.2206,0.0000
E02000392,0.9980,0.0000,5942.0000,0.0000,6.7006,0.0000
E02000393,0.9961,0.0000,10127.0000,0.0000,8.0338,0.0000
E02000394,0.9961,0.0000,2842.0000,0.0000,-4.9820,0.0000
E02000395,0.9963,0.0000,25335.0000,0.0000,-2.9624,0.0032
E02000396,0.9967,0.0000,4309.0000,0.0000,12.3424,0.0000
E02000397,0.9972,0.0000,9798.0000,0.0071,-3.5579,0.0004
E02000398,0.9982,0.0000,4120.0000,0.0000,3.2761,0.0011
E02000400,0.9989,0.0000,3314.0000,0.0000,-3.2428,0.0013
E02000401,0.9997,0.0000,818.0000,0.0013,-1.4007,0.1620
E02000402,0.9983,0.0000,1097.0000,0.0000,-4.0306,0.0001
E02000403,0.9968,0.0000,5809.0000,0.0000,-4.7507,0.0000
E02000404,0.9978,0.0000,7400.0000,0.0156,-1.1192,0.2636
E02000405,0.9963,0.0000,458.0000,0.0000,-7.6702,0.0000
E02000406,0.9970,0.0000,8425.0000,0.0000,3.6917,0.0002
E02000407,0.9950,0.0000,21389.0000,0.0001,2.2513,0.0248
E02000408,0.9982,0.0000,5566.0000,0.0000,2.6344,0.0087
E02000409,0.9987,0.0000,864.0000,0.0000,-4.0088,0.0001
E02000410,0.9956,0.0000,10298.0000,0.0000,-5.0812,0.0000
E02000411,0.9960,0.0000,13286.0000,0.0000,3.5853,0.0004
E02000412,0.9979,0.0000,14250.0000,0.0000,-2.8492,0.0046
E02000413,0.9982,0.0000,8815.0000,0.0016,0.7887,0.4307
E02000414,0.9978,0.0000,6202.0000,0.0973,-0.9165,0.3599
E02000415,0.9975,0.0000,5553.0000,0.0000,-3.7608,0.0002
E02000416,0.9974,0.0000,7617.0000,0.0000,3.3702,0.0008
E02000417,0.9977,0.0000,16584.0000,0.0012,-1.5837,0.1139
E02000418,0.9978,0.0000,9793.0000,0.0000,1.5767,0.1155
E02000419,0.9978,0.0000,10258.0000,0.1124,-1.0372,0.3002
E02000420,0.9962,0.0000,14374.0000,0.3468,0.2817,0.7783
E02000421,0.9968,0.0000,14815.0000,0.0000,1.5348,0.1255
E02000422,0.9978,0.0000,7764.0000,0.5863,-0.5277,0.5980
E02000423,0.9973,0.0000,7002.0000,0.0000,4.5611,0.0000
E02000424,0.9978,0.0000,11951.0000,0.0037,0.9447,0.3453
E02000425,0.9975,0.0000,6296.0000,0.5214,0.1694,0.8655
E02000426,0.9973,0.0000,2695.0000,0.0000,-5.7517,0.0000
E02000427,0.9961,0.0000,11037.0000,0.0000,4.1568,0.0000
E02000428,0.9977,0.0000,14507.0000,0.4728,-0.0033,0.9974
E02000429,0.9984,0.0000,3041.0000,0.0000,2.6881,0.0074
E02000430,0.9963,0.0000,13485.0000,0.0000,5.5516,0.0000
E02000431,0.9961,0.0000,6493.0000,0.0000,8.7568,0.0000
E02000432,0.9981,0.0000,8063.0000,0.0001,1.4237,0.1552
E02000433,0.9942,0.0000,12829.0000,0.0000,1.9920,0.0469
E02000434,0.9987,0.0000,1233.0000,0.0000,-5.1976,0.0000
E02000435,0.9995,0.0000,1685.0000,0.7923,0.2504,0.8024
E02000436,0.9992,0.0000,1107.0000,0.0000,-2.3191,0.0208
E02000437,0.9989,0.0000,2908.0000,0.0054,-2.3230,0.0206
E02000438,0.9979,0.0000,8485.0000,0.0337,0.6673,0.5049
E02000439,0.9993,0.0000,2719.0000,0.4923,0.1676,0.8670
E02000440,0.9992,0.0000,1641.0000,0.6433,0.0493,0.9607
E02000441,0.9997,0.0000,307.0000,0.0000,-3.2843,0.0011
E02000442,0.9975,0.0000,561.0000,0.0000,-5.9456,0.0000
E02000443,0.9981,0.0000,4987.0000,0.0050,0.9580,0.3386
E02000444,0.9999,0.0000,528.0000,0.2057,0.4105,0.6816
E02000445,0.9983,0.0000,7660.0000,0.4149,-0.7338,0.4634
E02000447,0.9992,0.0000,1506.0000,0.0000,3.7323,0.0002
E02000448,0.9945,0.0000,18665.0000,0.2571,-0.6082,0.5434
E02000449,0.9969,0.0000,3178.0000,0.0000,3.0172,0.0027
E02000451,0.9993,0.0000,1573.0000,0.0000,2.7521,0.0062
E02000452,0.9969,0.0000,9155.0000,0.0128,0.8703,0.3846
E02000453,0.9956,0.0000,14119.0000,0.0000,1.2662,0.2061
E02000454,0.9992,0.0000,989.0000,0.0000,-3.8105,0.0002
E02000455,0.9951,0.0000,19040.0000,0.0000,3.1157,0.0019
E02000456,0.9998,0.0000,403.0000,0.7216,0.2037,0.8387
E02000457,0.9996,0.0000,1101.0000,0.9771,0.5119,0.6090
E02000459,0.9978,0.0000,5427.0000,0.1747,-0.0223,0.9822
E02000460,0.9991,0.0000,1912.0000,0.0171,-1.1963,0.2322
E02000461,0.9962,0.0000,2525.0000,0.0000,-4.1007,0.0000
E02000462,0.9995,0.0000,1375.0000,0.0474,1.0380,0.2998
E02000463,0.9994,0.0000,709.0000,0.0000,-2.3274,0.0204
E02000464,0.9990,0.0000,557.0000,0.0000,-2.0406,0.0419
E02000465,0.9983,0.0000,813.0000,0.0000,-3.6509,0.0003
E02000466,0.9979,0.0000,2853.0000,0.0000,3.1025,0.0020
E02000467,0.9987,0.0000,1387.0000,0.0000,-2.5890,0.0099
E02000468,0.9982,0.0000,5285.0000,0.4000,0.3796,0.7044
E02000469,0.9999,0.0000,111.0000,0.1658,1.2632,0.2072
E02000470,0.9970,0.0000,1404.0000,0.0000,-4.1900,0.0000
E02000471,0.9990,0.0000,2630.0000,0.1596,2.2065,0.0278
E02000472,0.9987,0.0000,2342.0000,0.4289,0.1634,0.8703
E02000473,0.9995,0.0000,1926.0000,0.0041,1.3776,0.1690
E02000474,0.9993,0.0000,1375.0000,0.0000,-3.1168,0.0019
E02000475,0.9949,0.0000,10804.0000,0.0000,-2.8881,0.0041
E02000476,0.9954,0.0000,30799.0000,0.1449,-1.7868,0.0746
E02000477,0.9993,0.0000,1138.0000,0.0308,1.3281,0.1848
E02000478,0.9991,0.0000,2325.0000,0.0001,-1.5089,0.1320
E02000479,0.9990,0.0000,958.0000,0.0000,3.2196,0.0014
E02000480,0.9975,0.0000,9676.0000,0.2999,0.5301,0.5963
E02000481,0.9986,0.0000,1684.0000,0.0000,-2.2808,0.0230
E02000482,0.9986,0.0000,2545.0000,0.0000,1.5570,0.1201
E02000483,0.9972,0.0000,18421.0000,0.0158,1.1487,0.2513
E02000484,0.9983,0.0000,6157.0000,0.0001,-2.4429,0.0149
E02000485,0.9966,0.0000,7620.0000,0.0000,3.6816,0.0003
E02000486,0.9982,0.0000,2755.0000,0.0036,2.1164,0.0348
E02000487,0.9968,0.0000,13394.0000,0.0876,-0.5404,0.5892
E02000488,0.9971,0.0000,11237.0000,0.0015,2.7064,0.0071
E02000489,0.9982,0.0000,3466.0000,0.0002,-2.5151,0.0122
E02000490,0.9981,0.0000,1801.0000,0.0754,1.1248,0.2612
E02000491,0.9992,0.0000,1848.0000,0.0000,2.6786,0.0077
E02000492,0.9988,0.0000,4000.0000,0.2459,0.9468,0.3442
E02000493,0.9972,0.0000,4790.0000,0.0134,1.4256,0.1547
E02000494,0.9991,0.0000,1775.0000,0.0045,1.6893,0.0918
E02000495,0.9969,0.0000,4126.0000,0.0000,-3.7968,0.0002
E02000496,0.9966,0.0000,6981.0000,0.0000,-2.2491,0.0250
E02000497,0.9994,0.0000,3827.0000,0.4741,-0.4940,0.6215
E02000498,0.9982,0.0000,4946.0000,0.0001,-0.9011,0.3680
E02000499,0.9989,0.0000,2442.0000,0.0000,-1.8985,0.0583
E02000500,0.9961,0.0000,11420.0000,0.0000,4.0678,0.0001
E02000501,0.9972,0.0000,6524.0000,0.5122,0.2300,0.8182
E02000502,0.9966,0.0000,4504.0000,0.0000,-2.2689,0.0237
E02000503,0.9987,0.0000,321.0000,0.0000,-4.1393,0.0000
E02000504,0.9988,0.0000,2744.0000,0.1722,0.1955,0.8451
E02000506,0.9979,0.0000,6979.0000,0.0583,-0.5837,0.5597
E02000507,0.9998,0.0000,178.0000,0.0000,3.5181,0.0005
E02000508,0.9926,0.0000,16294.0000,0.0000,5.8299,0.0000
E02000509,0.9957,0.0000,7401.0000,0.0000,3.3969,0.0007
E02000510,0.9991,0.0000,4007.0000,0.3138,-1.0713,0.2846
E02000511,0.9995,0.0000,1529.0000,0.2536,-0.8804,0.3791
E02000512,0.9991,0.0000,1430.0000,0.0016,-3.0480,0.0024
E02000513,0.9992,0.0000,1530.0000,0.0006,-2.0309,0.0428
E02000514,0.9996,0.0000,1416.0000,0.8077,-0.6332,0.5269
E02000515,0.9973,0.0000,6677.0000,0.0000,-1.8484,0.0652
E02000516,0.9996,0.0000,130.0000,0.0000,3.6758,0.0003
E02000517,0.9983,0.0000,3123.0000,0.0006,-2.2813,0.0230
E02000518,0.9988,0.0000,4427.0000,0.0149,-1.4672,0.1430
E02000519,0.9983,0.0000,2805.0000,0.0000,3.2685,0.0012
E02000520,0.9962,0.0000,12829.0000,0.0000,3.4609,0.0006
E02000521,0.9965,0.0000,7033.0000,0.0000,6.3812,0.0000
E02000522,0.9975,0.0000,4138.0000,0.0000,-1.6954,0.0907
E02000523,0.9973,0.0000,7853.0000,0.0000,2.5125,0.0123
E02000524,0.9953,0.0000,44771.0000,0.3136,-0.2000,0.8415
E02000525,0.9959,0.0000,16279.0000,0.0000,-0.4977,0.6189
E02000526,0.9955,0.0000,16229.0000,0.0000,1.8724,0.0618
E02000528,0.9976,0.0000,10998.0000,0.0000,4.4577,0.0000
E02000529,0.9998,0.0000,711.0000,0.0075,-2.0877,0.0374
E02000530,0.9988,0.0000,2723.0000,0.0000,3.1386,0.0018
E02000531,0.9975,0.0000,10505.0000,0.0000,4.6970,0.0000
E02000532,0.9954,0.0000,8006.0000,0.0000,7.3534,0.0000
E02000533,0.9970,0.0000,11544.0000,0.0000,1.9159,0.0560
E02000534,0.9966,0.0000,19430.0000,0.0000,-3.8253,0.0001
E02000535,0.9984,0.0000,1729.0000,0.0000,-3.0788,0.0022
E02000536,0.9994,0.0000,1198.0000,0.9547,0.2202,0.8258
E02000537,0.9972,0.0000,7758.0000,0.2023,1.1408,0.2545
E02000538,0.9980,0.0000,4210.0000,0.0000,-1.7039,0.0891
E02000539,0.9977,0.0000,2628.0000,0.0000,-5.0232,0.0000
E02000540,0.9981,0.0000,7630.0000,0.0000,-4.6657,0.0000
E02000541,0.9986,0.0000,2295.0000,0.0000,1.7328,0.0838
E02000542,0.9948,0.0000,21888.0000,0.0008,1.3432,0.1799
E02000543,0.9974,0.0000,19486.0000,0.0059,0.8704,0.3845
E02000544,0.9977,0.0000,7813.0000,0.0000,-3.0445,0.0025
E02000545,0.9991,0.0000,1166.0000,0.0000,-2.4331,0.0153
E02000546,0.9993,0.0000,872.0000,0.0035,-1.4964,0.1352
E02000547,0.9989,0.0000,2339.0000,0.0000,-2.0500,0.0409
E02000548,0.9982,0.0000,1360.0000,0.0000,3.0265,0.0026
E02000549,0.9958,0.0000,7550.0000,0.0000,-4.4465,0.0000
E02000550,0.9995,0.0000,625.0000,0.0000,4.1478,0.0000
E02000551,0.9986,0.0000,3149.0000,0.0199,-0.3761,0.7070
E02000552,0.9981,0.0000,6046.0000,0.0186,0.0783,0.9376
E02000553,0.9984,0.0000,6515.0000,0.9926,0.4318,0.6661
E02000554,0.9976,0.0000,12075.0000,0.0000,-2.7983,0.0053
E02000555,0.9968,0.0000,12954.0000,0.0000,2.3547,0.0190
E02000556,0.9982,0.0000,15734.0000,0.0084,0.0853,0.9320
E02000557,0.9976,0.0000,8390.0000,0.0000,3.6085,0.0003
E02000558,0.9987,0.0000,6428.0000,0.0000,3.0971,0.0021
E02000559,0.9973,0.0000,8057.0000,0.0000,2.5794,0.0102
E02000560,0.9961,0.0000,1310.0000,0.0000,-6.2471,0.0000
E02000561,0.9979,0.0000,4125.0000,0.0000,6.4526,0.0000
E02000562,0.9960,0.0000,2357.0000,0.0000,11.7272,0.0000
E02000563,0.9983,0.0000,7231.0000,0.1547,0.4075,0.6838
E02000564,0.9966,0.0000,974.0000,0.0000,-7.2144,0.0000
E02000565,0.9968,0.0000,13816.0000,0.0031,-0.0610,0.9514
E02000566,0.9969,0.0000,17069.0000,0.0000,0.0116,0.9908
E02000567,0.9954,0.0000,10013.0000,0.0000,3.9772,0.0001
E02000568,0.9977,0.0000,13509.0000,0.0000,1.6068,0.1088
E02000569,0.9955,0.0000,5130.0000,0.0000,-4.1476,0.0000
E02000570,0.9975,0.0000,9342.0000,0.0000,1.1155,0.2652
E02000571,0.9962,0.0000,2204.0000,0.0000,9.6029,0.0000
E02000572,0.9960,0.0000,10759.0000,0.0000,0.8436,0.3993
E02000573,0.9956,0.0000,17111.0000,0.0000,2.8485,0.0046
E02000574,0.9946,0.0000,14105.0000,0.0000,3.3474,0.0009
E02000575,0.9951,0.0000,11003.0000,0.0000,7.6993,0.0000
E02000576,0.9931,0.0000,13284.0000,0.0000,5.6342,0.0000
E02000577,0.9962,0.0000,4701.0000,0.0000,-5.0290,0.0000
E02000578,0.9970,0.0000,5547.0000,0.0000,2.5844,0.0101
E02000579,0.9971,0.0000,10466.0000,0.0000,2.4754,0.0137
E02000580,0.9970,0.0000,25594.0000,0.0000,0.7490,0.4542
E02000581,0.9975,0.0000,13004.0000,0.0008,0.1304,0.8963
E02000582,0.9956,0.0000,34368.0000,0.0000,-3.9467,0.0001
E02000583,0.9963,0.0000,10823.0000,0.0000,-3.1673,0.0016
E02000584,0.9957,0.0000,17186.0000,0.0000,-5.5170,0.0000
E02000585,0.9967,0.0000,21210.0000,0.0000,-1.2965,0.1954
E02000586,0.9958,0.0000,38613.0000,0.6358,-2.3515,0.0191
E02000587,0.9965,0.0000,15028.0000,0.0000,0.6633,0.5074
E02000588,0.9959,0.0000,18254.0000,0.0000,2.2948,0.0222
E02000589,0.9947,0.0000,26651.0000,0.2673,-1.1338,0.2575
E02000590,0.9939,0.0000,10145.0000,0.0000,-4.6057,0.0000
E02000591,0.9971,0.0000,1628.0000,0.0000,-4.8667,0.0000
E02000592,0.9957,0.0000,12730.0000,0.0000,-4.0810,0.0001
E02000593,0.9966,0.0000,9414.0000,0.0000,-4.1427,0.0000
E02000594,0.9948,0.0000,42261.0000,0.1549,-2.5898,0.0099
E02000595,0.9965,0.0000,7746.0000,0.0000,7.4911,0.0000
E02000596,0.9970,0.0000,19116.0000,0.0000,0.0072,0.9943
E02000597,0.9960,0.0000,10464.0000,0.0000,4.2450,0.0000
E02000598,0.9981,0.0000,3496.0000,0.0028,2.2032,0.0281
E02000599,0.9980,0.0000,805.0000,0.0000,-4.0590,0.0001
E02000600,0.9969,0.0000,15014.0000,0.6297,0.1154,0.9082
E02000601,0.9957,0.0000,8942.0000,0.0000,5.1264,0.0000
E02000602,0.9946,0.0000,8408.0000,0.0000,10.6548,0.0000
E02000603,0.9980,0.0000,6627.0000,0.0025,1.6966,0.0904
E02000604,0.9961,0.0000,18013.0000,0.0895,0.6004,0.5485
E02000605,0.9990,0.0000,3338.0000,0.1396,-0.6207,0.5351
E02000606,0.9960,0.0000,11598.0000,0.0000,5.8261,0.0000
E02000607,0.9993,0.0000,4660.0000,0.1681,0.9105,0.3630
E02000608,0.9963,0.0000,8798.0000,0.0000,5.5442,0.0000
E02000609,0.9992,0.0000,200.0000,0.0000,-5.0066,0.0000
E02000610,0.9974,0.0000,4410.0000,0.0000,-2.6187,0.0091
E02000611,0.9988,0.0000,1940.0000,0.1163,1.3680,0.1720
E02000612,0.9993,0.0000,2367.0000,0.3863,0.6308,0.5285
E02000613,0.9984,0.0000,7620.0000,0.1147,0.6877,0.4920
E02000614,0.9953,0.0000,10620.0000,0.0026,-0.6559,0.5122
E02000615,0.9988,0.0000,3377.0000,0.0077,2.0223,0.0437
E02000616,0.9994,0.0000,131.0000,0.0000,-1.8911,0.0592
E02000617,0.9942,0.0000,18637.0000,0.4462,0.3426,0.7320
E02000619,0.9955,0.0000,23272.0000,0.0047,-0.2313,0.8172
E02000620,0.9959,0.0000,11781.0000,0.0000,4.8571,0.0000
E02000621,0.9965,0.0000,24451.0000,0.0000,0.9195,0.3583
E02000622,0.9968,0.0000,15581.0000,0.0000,1.1910,0.2343
E02000623,0.9984,0.0000,3296.0000,0.0000,4.2730,0.0000
E02000624,0.9979,0.0000,6276.0000,0.0000,2.8116,0.0051
E02000625,0.9978,0.0000,6732.0000,0.0000,1.8701,0.0621
E02000626,0.9978,0.0000,4672.0000,0.0000,4.2810,0.0000
E02000627,0.9974,0.0000,7660.0000,0.0000,3.4180,0.0007
E02000628,0.9959,0.0000,13953.0000,0.0000,5.2870,0.0000
E02000629,0.9975,0.0000,7814.0000,0.0000,4.2853,0.0000
E02000630,0.9967,0.0000,11258.0000,0.0000,3.5402,0.0004
E02000631,0.9970,0.0000,2873.0000,0.0000,-5.1369,0.0000
E02000632,0.9972,0.0000,7415.0000,0.0000,5.1450,0.0000
E02000633,0.9965,0.0000,9056.0000,0.0000,6.0234,0.0000
E02000634,0.9976,0.0000,10071.0000,0.0000,3.7795,0.0002
E02000635,0.9960,0.0000,12024.0000,0.0000,6.1228,0.0000
E02000636,0.9978,0.0000,7661.0000,0.0000,4.6911,0.0000
E02000637,0.9973,0.0000,6764.0000,0.0000,-2.9139,0.0037
E02000638,0.9954,0.0000,8285.0000,0.0000,-2.1386,0.0330
E02000639,0.9981,0.0000,4881.0000,0.0001,2.4563,0.0144
E02000640,0.9980,0.0000,5854.0000,0.0638,0.6061,0.5447
E02000641,0.9997,0.0000,1158.0000,0.9270,0.1973,0.8436
E02000642,0.9964,0.0000,18764.0000,0.0000,-2.7115,0.0069
E02000643,0.9966,0.0000,8342.0000,0.0000,-6.1800,0.0000
E02000644,0.9990,0.0000,2542.0000,0.0376,-1.0514,0.2936
E02000645,0.9965,0.0000,18288.0000,0.0253,1.3168,0.1885
E02000646,0.9972,0.0000,12978.0000,0.0000,1.4490,0.1480
E02000647,0.9981,0.0000,4574.0000,0.0001,2.9279,0.0036
E02000648,0.9971,0.0000,5649.0000,0.0000,4.2387,0.0000
E02000649,0.9981,0.0000,17251.0000,0.0488,-0.0093,0.9926
E02000650,0.9983,0.0000,11977.0000,0.0000,-2.3398,0.0197
E02000651,0.9958,0.0000,23359.0000,0.2225,0.3187,0.7501
E02000652,0.9989,0.0000,4545.0000,0.0267,-0.9946,0.3204
E02000653,0.9976,0.0000,3066.0000,0.0000,6.0471,0.0000
E02000654,0.9966,0.0000,9144.0000,0.0000,3.8661,0.0001
E02000655,0.9984,0.0000,8747.0000,0.0110,0.1418,0.8873
E02000657,0.9967,0.0000,19539.0000,0.0000,0.7390,0.4603
E02000658,0.9982,0.0000,8132.0000,0.0002,1.0625,0.2885
E02000659,0.9964,0.0000,3734.0000,0.0000,-2.9776,0.0031
E02000660,0.9981,0.0000,12354.0000,0.0000,0.1891,0.8501
E02000661,0.9969,0.0000,9230.0000,0.0000,5.9368,0.0000
E02000662,0.9980,0.0000,4633.0000,0.0000,-4.2964,0.0000
E02000663,0.9962,0.0000,15733.0000,0.0000,0.7447,0.4568
E02000664,0.9969,0.0000,24140.0000,0.0000,1.2246,0.2213
E02000665,0.9980,0.0000,4169.0000,0.0000,4.5438,0.0000
E02000666,0.9985,0.0000,6123.0000,0.0000,-3.6501,0.0003
E02000667,0.9958,0.0000,15077.0000,0.0000,3.8895,0.0001
E02000668,0.9962,0.0000,4008.0000,0.0000,-2.5112,0.0124
E02000669,0.9990,0.0000,5719.0000,0.6540,0.4211,0.6739
E02000670,0.9958,0.0000,19509.0000,0.3100,-0.7617,0.4466
E02000671,0.9974,0.0000,8472.0000,0.0000,2.2688,0.0237
E02000672,0.9985,0.0000,12836.0000,0.0000,-1.4193,0.1565
E02000673,0.9955,0.0000,15409.0000,0.0000,-0.6517,0.5149
E02000674,0.9996,0.0000,596.0000,0.0994,-1.7579,0.0794
E02000675,0.9996,0.0000,221.0000,0.0000,1.5164,0.1301
E02000676,0.9988,0.0000,1864.0000,0.0006,1.6767,0.0943
E02000677,0.9985,0.0000,4345.0000,0.0000,-4.1848,0.0000
E02000678,0.9997,0.0000,76.0000,0.0000,-4.3574,0.0000
E02000679,0.9971,0.0000,564.0000,0.0000,-6.5174,0.0000
E02000680,0.9982,0.0000,8804.0000,0.0505,-0.6508,0.5155
E02000681,0.9983,0.0000,8338.0000,0.9112,0.2210,0.8252
E02000682,0.9994,0.0000,2590.0000,0.5383,-0.2884,0.7732
E02000683,0.9964,0.0000,15414.0000,0.0118,-2.0326,0.0427
E02000685,0.9983,0.0000,3080.0000,0.0000,5.6413,0.0000
E02000686,0.9987,0.0000,5418.0000,0.1697,-1.0709,0.2847
E02000687,0.9963,0.0000,11098.0000,0.0000,3.8724,0.0001
E02000689,0.9979,0.0000,7372.0000,0.0000,5.5160,0.0000
E02000690,0.9952,0.0000,29749.0000,0.0000,-2.1150,0.0350
E02000691,0.9978,0.0000,11263.0000,0.0000,-2.5854,0.0100
E02000692,0.9980,0.0000,7038.0000,0.0000,-3.4450,0.0006
E02000693,0.9974,0.0000,2935.0000,0.0000,-5.3576,0.0000
E02000694,0.9978,0.0000,6253.0000,0.0094,1.5803,0.1147
E02000695,0.9998,0.0000,904.0000,0.9355,0.5619,0.5744
E02000696,0.9992,0.0000,2559.0000,0.0010,1.8425,0.0660
E02000697,0.9980,0.0000,5161.0000,0.0000,5.6728,0.0000
E02000698,0.9983,0.0000,4999.0000,0.0000,1.3489,0.1780
E02000699,0.9985,0.0000,4167.0000,0.0001,-2.8589,0.0044
E02000700,0.9984,0.0000,3686.0000,0.0000,-3.2794,0.0011
E02000701,0.9979,0.0000,611.0000,0.0000,-1.5935,0.1117
E02000702,0.9959,0.0000,1973.0000,0.0000,6.2490,0.0000
E02000703,0.9992,0.0000,7239.0000,0.6641,0.4030,0.6871
E02000704,0.9970,0.0000,15982.0000,0.0016,-1.6894,0.0918
E02000705,0.9998,0.0000,216.0000,0.0000,-1.4676,0.1429
E02000706,0.9987,0.0000,2493.0000,0.0000,2.3364,0.0199
E02000707,0.9997,0.0000,1154.0000,0.4774,0.5921,0.5541
E02000708,0.9984,0.0000,225.0000,0.0000,5.5508,0.0000
E02000709,0.9988,0.0000,2047.0000,0.0000,4.7622,0.0000
E02000710,0.9988,0.0000,7037.0000,0.0005,1.3884,0.1657
E02000711,0.9960,0.0000,16078.0000,0.0000,-1.7132,0.0873
E02000712,0.9985,0.0000,4906.0000,0.0000,-1.2698,0.2048
E02000713,0.9991,0.0000,7153.0000,0.2892,0.0738,0.9412
E02000714,0.9970,0.0000,487.0000,0.0000,-10.0390,0.0000
E02000715,0.9998,0.0000,155.0000,0.6026,-0.5118,0.6090
E02000716,0.9990,0.0000,105.0000,0.0000,-4.1006,0.0000
E02000717,0.9963,0.0000,2497.0000,0.0000,-3.9706,0.0001
E02000718,0.9995,0.0000,691.0000,0.1431,-0.5003,0.6171
E02000719,0.9983,0.0000,3320.0000,0.0000,-3.5982,0.0004
E02000720,0.9993,0.0000,781.0000,0.0000,-1.7938,0.0735
E02000721,0.9983,0.0000,10472.0000,0.1754,1.6109,0.1079
E02000722,0.9986,0.0000,4760.0000,0.0294,0.0768,0.9388
E02000723,0.9989,0.0000,1807.0000,0.0000,-0.9461,0.3446
E02000724,0.9998,0.0000,530.0000,0.4118,-0.9974,0.3191
E02000725,0.9942,0.0000,27265.0000,0.9050,-1.3388,0.1813
E02000726,0.9963,0.0000,17775.0000,0.0000,-4.6931,0.0000
E02000727,0.9990,0.0000,1121.0000,0.0000,-2.2998,0.0219
E02000728,0.9997,0.0000,419.0000,0.6845,-0.3900,0.6967
E02000729,0.9983,0.0000,5188.0000,0.2495,-0.9554,0.3399
E02000730,0.9987,0.0000,817.0000,0.0000,-3.5749,0.0004
E02000731,0.9976,0.0000,6763.0000,0.9974,-0.0543,0.9567
E02000732,0.9955,0.0000,8044.0000,0.0002,-1.7004,0.0897
E02000733,0.9974,0.0000,4400.0000,0.0000,-2.2422,0.0254
E02000734,0.9987,0.0000,2911.0000,0.1415,-0.5632,0.5736
E02000735,0.9977,0.0000,4718.0000,0.0005,-2.0606,0.0399
E02000736,0.9996,0.0000,510.0000,0.0075,-1.1301,0.2590
E02000737,0.9964,0.0000,6821.0000,0.0000,-2.1122,0.0352
E02000738,0.9986,0.0000,1767.0000,0.0002,2.8925,0.0040
E02000739,0.9991,0.0000,1231.0000,0.0000,-2.3879,0.0173
E02000740,0.9980,0.0000,8702.0000,0.0052,-0.7701,0.4416
E02000741,0.9977,0.0000,6841.0000,0.9916,0.1644,0.8695
E02000742,0.9997,0.0000,103.0000,0.0000,-4.0384,0.0001
E02000743,0.9950,0.0000,12138.0000,0.1473,-1.3144,0.1894
E02000744,0.9996,0.0000,306.0000,0.0000,-5.6924,0.0000
E02000745,0.9993,0.0000,141.0000,0.0000,-5.6184,0.0000
E02000746,0.9967,0.0000,15700.0000,0.4020,-0.6486,0.5169
E02000747,0.9960,0.0000,13002.0000,0.0000,-2.7749,0.0057
E02000748,0.9968,0.0000,3198.0000,0.0000,-5.7216,0.0000
E02000749,0.9931,0.0000,41523.0000,0.8674,-0.3037,0.7615
E02000750,0.9961,0.0000,17306.0000,0.0000,-1.9037,0.0576
E02000751,0.9962,0.0000,15934.0000,0.0000,1.1475,0.2518
E02000752,0.9986,0.0000,1253.0000,0.0000,-2.5075,0.0125
E02000753,0.9998,0.0000,203.0000,0.0019,2.3283,0.0203
E02000754,0.9970,0.0000,6124.0000,0.0000,-2.5432,0.0113
E02000755,0.9979,0.0000,6712.0000,0.1119,-0.2229,0.8237
E02000756,0.9973,0.0000,7841.0000,0.0000,2.3589,0.0187
E02000757,0.9965,0.0000,21059.0000,0.0001,1.1630,0.2454
E02000758,0.9996,0.0000,492.0000,0.4461,0.6568,0.5116
E02000759,0.9987,0.0000,3968.0000,0.0031,-1.3673,0.1722
E02000760,0.9997,0.0000,855.0000,0.2949,-0.9686,0.3332
E02000762,0.9998,0.0000,579.0000,0.7390,-0.0707,0.9437
E02000763,0.9973,0.0000,8698.0000,0.0001,2.4446,0.0149
E02000764,0.9977,0.0000,14975.0000,0.0024,0.8930,0.3723
E02000765,0.9990,0.0000,1977.0000,0.0000,0.8043,0.4216
E02000767,0.9979,0.0000,5064.0000,0.0001,2.7649,0.0059
E02000768,0.9985,0.0000,4944.0000,0.1776,0.8461,0.3980
E02000769,0.9991,0.0000,1801.0000,0.0017,2.1251,0.0341
E02000770,0.9996,0.0000,1217.0000,0.8814,-0.3285,0.7427
E02000772,0.9990,0.0000,1188.0000,0.0000,-3.9695,0.0001
E02000773,0.9985,0.0000,1306.0000,0.0028,2.0793,0.0381
E02000774,0.9991,0.0000,1115.0000,0.4556,-0.6678,0.5046
E02000776,0.9971,0.0000,2471.0000,0.0000,3.9626,0.0001
E02000777,0.9977,0.0000,10379.0000,0.1180,-0.3694,0.7120
E02000779,0.9983,0.0000,9051.0000,0.0000,1.5416,0.1238
E02000780,0.9949,0.0000,23523.0000,0.0020,-2.8869,0.0041
E02000781,0.9962,0.0000,12136.0000,0.0000,3.9107,0.0001
E02000782,0.9993,0.0000,748.0000,0.0002,3.6780,0.0003
E02000783,0.9999,0.0000,173.0000,0.4945,-0.3436,0.7313
E02000784,0.9966,0.0000,22466.0000,0.0177,-2.5104,0.0124
E02000785,0.9967,0.0000,24455.0000,0.0000,-1.3629,0.1736
E02000786,0.9969,0.0000,17948.0000,0.0000,1.9810,0.0482
E02000787,0.9956,0.0000,8740.0000,0.0000,-2.8350,0.0048
E02000788,0.9965,0.0000,10311.0000,0.0000,3.1625,0.0017
E02000789,0.9958,0.0000,19807.0000,0.0279,-0.7153,0.4748
E02000790,0.9960,0.0000,17256.0000,0.0000,1.2307,0.2191
E02000791,0.9960,0.0000,12798.0000,0.0000,3.4532,0.0006
E02000792,0.9966,0.0000,5528.0000,0.0000,-5.2983,0.0000
E02000793,0.9983,0.0000,3691.0000,0.0003,-1.1816,0.2380
E02000794,0.9965,0.0000,7848.0000,0.0000,-2.2170,0.0271
E02000795,0.9958,0.0000,21488.0000,0.0000,4.6382,0.0000
E02000796,0.9993,0.0000,163.0000,0.0000,-2.5934,0.0098
E02000797,0.9953,0.0000,17561.0000,0.0000,3.0772,0.0022
E02000798,0.9966,0.0000,16064.0000,0.3981,0.9451,0.3451
E02000799,0.9952,0.0000,10658.0000,0.0000,-3.4402,0.0006
E02000800,0.9977,0.0000,14950.0000,0.8296,-0.4317,0.6661
E02000801,0.9978,0.0000,7063.0000,0.0004,2.0570,0.0402
E02000802,0.9978,0.0000,4159.0000,0.0000,-3.7520,0.0002
E02000803,0.9984,0.0000,5477.0000,0.0004,2.6395,0.0086
E02000804,0.9960,0.0000,14995.0000,0.0000,2.4719,0.0138
E02000805,0.9979,0.0000,8519.0000,0.0000,-3.1296,0.0019
E02000806,0.9958,0.0000,4308.0000,0.0000,-2.6718,0.0078
E02000807,0.9950,0.0000,10721.0000,0.0000,1.9639,0.0501
E02000808,0.9917,0.0000,42765.0000,0.0012,-4.1493,0.0000
E02000809,0.9924,0.0000,25728.0000,0.0000,-5.5408,0.0000
E02000810,0.9966,0.0000,8264.0000,0.0000,4.0002,0.0001
E02000812,0.9945,0.0000,23908.0000,0.0000,2.9469,0.0034
E02000813,0.9952,0.0000,18836.0000,0.0000,1.7940,0.0735
E02000814,0.9940,0.0000,3580.0000,0.0000,-4.2940,0.0000
E02000815,0.9965,0.0000,1355.0000,0.0000,-5.4601,0.0000
E02000816,0.9963,0.0000,9090.0000,0.0000,3.3256,0.0010
E02000817,0.9977,0.0000,16248.0000,0.0244,-0.7477,0.4550
E02000818,0.9979,0.0000,9112.0000,0.3603,1.1303,0.2589
E02000819,0.9984,0.0000,2882.0000,0.0093,1.5405,0.1241
E02000820,0.9969,0.0000,17941.0000,0.0977,0.1254,0.9002
E02000821,0.9979,0.0000,7017.0000,0.4408,1.0852,0.2784
E02000822,0.9955,0.0000,11013.0000,0.0000,3.9522,0.0001
E02000823,0.9976,0.0000,11772.0000,0.9531,-0.7958,0.4266
E02000824,0.9974,0.0000,10091.0000,0.0000,3.0718,0.0023
E02000825,0.9957,0.0000,9084.0000,0.0000,8.5460,0.0000
E02000826,0.9982,0.0000,8463.0000,0.1664,-0.2856,0.7753
E02000827,0.9963,0.0000,15613.0000,0.0000,3.5276,0.0005
E02000828,0.9958,0.0000,9184.0000,0.0000,6.0337,0.0000
E02000829,0.9969,0.0000,6047.0000,0.0000,7.5027,0.0000
E02000830,0.9976,0.0000,18787.0000,0.3432,-0.6986,0.4852
E02000831,0.9964,0.0000,14107.0000,0.0000,4.2830,0.0000
E02000832,0.9949,0.0000,16708.0000,0.0000,2.4133,0.0162
E02000833,0.9967,0.0000,4751.0000,0.0000,6.1669,0.0000
E02000834,0.9966,0.0000,6049.0000,0.0000,4.7447,0.0000
E02000835,0.9977,0.0000,11729.0000,0.0000,-1.9724,0.0492
E02000836,0.9979,0.0000,5532.0000,0.0000,5.5159,0.0000
E02000837,0.9959,0.0000,24143.0000,0.0000,-0.1678,0.8668
E02000838,0.9972,0.0000,9369.0000,0.0000,1.8947,0.0587
E02000839,0.9970,0.0000,12967.0000,0.0000,-3.2933,0.0011
E02000840,0.9999,0.0000,177.0000,0.0001,3.3219,0.0010
E02000841,0.9989,0.0000,2689.0000,0.0274,1.6994,0.0899
E02000842,0.9984,0.0000,9075.0000,0.5430,0.4191,0.6753
E02000843,0.9994,0.0000,1262.0000,0.0001,-1.9220,0.0552
E02000844,0.9963,0.0000,10831.0000,0.2823,-0.9806,0.3273
E02000845,0.9988,0.0000,4387.0000,0.0000,-1.6313,0.1035
E02000846,0.9994,0.0000,1539.0000,0.0000,2.3784,0.0178
E02000847,0.9965,0.0000,9030.0000,0.0000,-4.1732,0.0000
E02000848,0.9994,0.0000,1772.0000,0.0019,-1.2580,0.2090
E02000849,0.9978,0.0000,8174.0000,0.8303,-0.7106,0.4777
E02000850,0.9977,0.0000,3503.0000,0.0000,-8.0076,0.0000
E02000851,0.9970,0.0000,10529.0000,0.0000,3.8555,0.0001
E02000852,0.9997,0.0000,1070.0000,0.8206,0.4928,0.6224
E02000853,0.9993,0.0000,4649.0000,0.5519,0.0209,0.9833
E02000854,0.9966,0.0000,21111.0000,0.2451,1.0046,0.3156
E02000855,0.9984,0.0000,7421.0000,0.5046,0.3727,0.7095
E02000856,0.9978,0.0000,5130.0000,0.0000,-2.8411,0.0047
E02000857,0.9962,0.0000,14421.0000,0.0000,-2.6594,0.0081
E02000858,0.9986,0.0000,5500.0000,0.2703,-0.9188,0.3587
E02000859,0.9989,0.0000,4370.0000,0.0013,-0.3387,0.7350
E02000860,0.9998,0.0000,177.0000,0.7731,0.2744,0.7839
E02000861,0.9993,0.0000,2077.0000,0.0480,-0.7473,0.4552
E02000863,0.9982,0.0000,3117.0000,0.0000,-6.1011,0.0000
E02000864,0.9953,0.0000,15190.0000,0.0000,2.7936,0.0054
E02000865,0.9959,0.0000,25765.0000,0.1535,-1.8697,0.0621
E02000866,0.9964,0.0000,7772.0000,0.0000,5.1398,0.0000
E02000867,0.9949,0.0000,11189.0000,0.0000,5.3407,0.0000
E02000868,0.9961,0.0000,14549.0000,0.0000,2.4046,0.0166
E02000869,0.9961,0.0000,16307.0000,0.0000,0.3429,0.7318
E02000870,0.9964,0.0000,2494.0000,0.0000,-5.2394,0.0000
E02000871,0.9963,0.0000,7057.0000,0.0000,3.5161,0.0005
E02000872,0.9952,0.0000,20484.0000,0.0000,1.1984,0.2314
E02000873,0.9980,0.0000,8091.0000,0.0000,-3.2158,0.0014
E02000874,0.9978,0.0000,8381.0000,0.0000,2.0099,0.0450
E02000875,0.9980,0.0000,8558.0000,0.0870,1.6427,0.1011
E02000876,0.9965,0.0000,16242.0000,0.0241,-2.1286,0.0338
E02000877,0.9941,0.0000,22551.0000,0.0100,1.3330,0.1832
E02000878,0.9956,0.0000,23130.0000,0.0000,-4.9633,0.0000
E02000879,0.9951,0.0000,3810.0000,0.0000,9.1883,0.0000
E02000880,0.9974,0.0000,4465.0000,0.0000,-4.5760,0.0000
E02000881,0.9966,0.0000,3196.0000,0.0000,-2.0674,0.0392
E02000882,0.9975,0.0000,4632.0000,0.0000,-1.2358,0.2172
E02000883,0.9982,0.0000,898.0000,0.0000,-1.9643,0.0501
E02000884,0.9951,0.0000,24261.0000,0.0000,0.9793,0.3279
E02000885,0.9989,0.0000,3000.0000,0.0001,0.9391,0.3481
E02000886,0.9969,0.0000,4143.0000,0.0000,-2.7889,0.0055
E02000887,0.9962,0.0000,2485.0000,0.0000,-1.8391,0.0665
E02000888,0.9956,0.0000,24211.0000,0.0136,0.6058,0.5450
E02000889,0.9940,0.0000,1102.0000,0.0000,-6.8294,0.0000
E02000890,0.9941,0.0000,6991.0000,0.0000,-6.7929,0.0000
E02000891,0.9945,0.0000,865.0000,0.0000,-6.8975,0.0000
E02000893,0.9945,0.0000,8595.0000,0.0000,-1.4584,0.1454
E02000894,0.9954,0.0000,11307.0000,0.0000,3.8332,0.0001
E02000895,0.9975,0.0000,715.0000,0.0000,-7.1689,0.0000
E02000896,0.9955,0.0000,9618.0000,0.0000,2.5075,0.0125
E02000897,0.9981,0.0000,4142.0000,0.5748,0.6098,0.5423
E02000898,0.9990,0.0000,2871.0000,0.0174,1.0489,0.2947
E02000899,0.9982,0.0000,7567.0000,0.1924,0.2336,0.8154
E02000900,0.9991,0.0000,2416.0000,0.0417,1.4234,0.1553
E02000901,0.9986,0.0000,7284.0000,0.0010,0.5560,0.5785
E02000902,0.9976,0.0000,9294.0000,0.0000,-2.3744,0.0180
E02000903,0.9965,0.0000,13096.0000,0.0000,3.9239,0.0001
E02000904,0.9980,0.0000,8687.0000,0.1205,-0.9278,0.3540
E02000905,0.9966,0.0000,23441.0000,0.0487,-1.3727,0.1705
E02000906,0.9983,0.0000,2344.0000,0.0000,4.5984,0.0000
E02000907,0.9974,0.0000,12424.0000,0.0224,0.1278,0.8983
E02000908,0.9967,0.0000,12704.0000,0.0000,-3.4540,0.0006
E02000909,0.9978,0.0000,13848.0000,0.0000,-2.0900,0.0372
E02000910,0.9967,0.0000,19246.0000,0.0003,-2.3788,0.0178
E02000911,0.9951,0.0000,8265.0000,0.0000,8.8143,0.0000
E02000912,0.9972,0.0000,12006.0000,0.0018,1.6294,0.1039
E02000913,0.9980,0.0000,5866.0000,0.0004,0.9728,0.3312
E02000914,0.9989,0.0000,5220.0000,0.0000,2.0356,0.0424
E02000915,0.9978,0.0000,669.0000,0.0000,-6.2636,0.0000
E02000916,0.9952,0.0000,1300.0000,0.0000,-7.5398,0.0000
E02000917,0.9983,0.0000,5377.0000,0.0000,3.2710,0.0012
E02000918,0.9952,0.0000,23731.0000,0.0000,1.6270,0.1044
E02000919,0.9988,0.0000,3288.0000,0.0000,3.8096,0.0002
E02000920,0.9969,0.0000,6969.0000,0.0000,5.8037,0.0000
E02000921,0.9965,0.0000,7211.0000,0.0000,2.1857,0.0293
E02000922,0.9984,0.0000,3283.0000,0.0000,-1.3574,0.1753
E02000923,0.9959,0.0000,14356.0000,0.0000,2.4807,0.0135
E02000924,0.9964,0.0000,38279.0000,0.7160,-1.3821,0.1676
E02000925,0.9975,0.0000,5305.0000,0.0000,2.1393,0.0329
E02000926,0.9974,0.0000,14682.0000,0.0000,1.4888,0.1372
E02000927,0.9985,0.0000,3094.0000,0.0000,3.6059,0.0003
E02000928,0.9974,0.0000,16601.0000,0.9306,-1.5427,0.1236
E02000929,0.9980,0.0000,6857.0000,0.0013,0.9861,0.3246
E02000930,0.9978,0.0000,10358.0000,0.0000,4.5316,0.0000
E02000931,0.9967,0.0000,8676.0000,0.0000,9.2959,0.0000
E02000932,0.9976,0.0000,25120.0000,0.0000,1.4257,0.1546
E02000933,0.9986,0.0000,6681.0000,0.0000,2.5464,0.0112
E02000934,0.9967,0.0000,10805.0000,0.0000,6.0673,0.0000
E02000935,0.9981,0.0000,1674.0000,0.0000,-5.6885,0.0000
E02000936,0.9988,0.0000,3809.0000,0.0001,1.5957,0.1112
E02000937,0.9985,0.0000,1610.0000,0.0000,10.3321,0.0000
E02000938,0.9963,0.0000,8496.0000,0.0013,-0.9379,0.3488
E02000939,0.9989,0.0000,2494.0000,0.0000,-2.8417,0.0047
E02000940,0.9964,0.0000,11335.0000,0.0000,1.3210,0.1871
E02000941,0.9975,0.0000,10798.0000,0.0000,1.0803,0.2806
E02000942,0.9977,0.0000,9551.0000,0.0004,-1.3893,0.1654
E02000943,0.9972,0.0000,12813.0000,0.0000,3.7587,0.0002
E02000944,0.9982,0.0000,2526.0000,0.0017,1.8740,0.0615
E02000945,0.9976,0.0000,3139.0000,0.0000,-2.6973,0.0072
E02000946,0.9974,0.0000,12458.0000,0.0000,3.9841,0.0001
E02000947,0.9975,0.0000,3898.0000,0.0000,6.9745,0.0000
E02000948,0.9969,0.0000,20079.0000,0.0000,1.7691,0.0775
E02000949,0.9984,0.0000,6911.0000,0.0000,2.6725,0.0078
E02000950,0.9996,0.0000,2453.0000,0.0738,1.0302,0.3034
E02000951,0.9978,0.0000,8278.0000,0.1636,0.2418,0.8091
E02000952,0.9985,0.0000,8104.0000,0.4211,-0.3851,0.7003
E02000953,0.9975,0.0000,15093.0000,0.7603,-1.2456,0.2135
E02000954,0.9986,0.0000,4981.0000,0.0002,2.2269,0.0264
E02000955,0.9985,0.0000,7925.0000,0.0070,-1.4133,0.1582
E02000956,0.9974,0.0000,11599.0000,0.8059,-1.7570,0.0796
E02000957,0.9967,0.0000,31120.0000,0.1936,-0.6183,0.5367
E02000958,0.9981,0.0000,8140.0000,0.0006,-1.1020,0.2710
E02000959,0.9992,0.0000,3246.0000,0.0134,1.1438,0.2533
E02000960,0.9954,0.0000,9014.0000,0.0000,-3.5070,0.0005
E02000961,0.9969,0.0000,6556.0000,0.0000,6.6815,0.0000
E02000962,0.9955,0.0000,2858.0000,0.0000,-2.3724,0.0181
E02000963,0.9975,0.0000,3310.0000,0.0000,5.6371,0.0000
E02000964,0.9988,0.0000,2615.0000,0.0000,4.5940,0.0000
E02000965,0.9982,0.0000,10452.0000,0.8077,-1.0907,0.2760
E02000966,0.9954,0.0000,21512.0000,0.0000,-2.1597,0.0313
E02000967,0.9957,0.0000,21678.0000,0.0000,1.5199,0.1292
E02000968,0.9956,0.0000,11199.0000,0.0000,2.8020,0.0053
E02000969,0.9975,0.0000,3102.0000,0.0000,-3.7383,0.0002
E02000970,0.9953,0.0000,20849.0000,0.0000,1.6886,0.0920
E02000971,0.9958,0.0000,10153.0000,0.0000,-5.7666,0.0000
E02000972,0.9948,0.0000,16742.0000,0.0000,4.6266,0.0000
E02000973,0.9971,0.0000,17335.0000,0.0038,0.2068,0.8363
E02000974,0.9950,0.0000,35321.0000,0.0028,-0.9401,0.3477
E02000975,0.9957,0.0000,31067.0000,0.3704,-1.2467,0.2131
E02000976,0.9959,0.0000,22555.0000,0.0000,0.2725,0.7853
E02000977,0.9949,0.0000,6686.0000,0.0000,11.5909,0.0000
E02000978,0.9948,0.0000,13476.0000,0.0000,3.4579,0.0006
E02000979,0.9930,0.0000,45166.0000,0.0731,-1.7756,0.0764
E02000980,0.9946,0.0000,28324.0000,0.0006,0.2533,0.8001
E02000981,0.9940,0.0000,18093.0000,0.0000,-3.2333,0.0013
E02000982,0.9952,0.0000,22456.0000,0.0000,0.7667,0.4437
E02000983,0.9963,0.0000,17716.0000,0.3402,-1.3845,0.1669
E02006782,0.9993,0.0000,634.0000,0.0000,-4.6223,0.0000
E02006783,0.9967,0.0000,11069.0000,0.0000,-3.5877,0.0004
E02006784,0.9992,0.0000,548.0000,0.0000,-3.9768,0.0001
E02006785,0.9996,0.0000,1238.0000,0.0098,-1.0535,0.2926
E02006786,0.9987,0.0000,1965.0000,0.1847,-0.6854,0.4934
E02006787,0.9977,0.0000,10718.0000,0.3870,-1.4416,0.1501
E02006788,0.9988,0.0000,179.0000,0.0000,-3.4588,0.0006
E02006789,0.9975,0.0000,1956.0000,0.0000,-3.9018,0.0001
E02006791,0.9960,0.0000,7100.0000,0.0000,2.9784,0.0030
E02006792,0.9971,0.0000,8880.0000,0.0000,6.8907,0.0000
E02006793,0.9985,0.0000,484.0000,0.0000,-6.3337,0.0000
E02006794,0.9964,0.0000,425.0000,0.0000,-2.3091,0.0214
E02006795,0.9985,0.0000,118.0000,0.0000,-5.2102,0.0000
E02006796,0.9977,0.0000,4383.0000,0.0001,-2.8324,0.0048
E02006798,0.9967,0.0000,18370.0000,0.0000,1.1628,0.2455
E02006799,0.9979,0.0000,5351.0000,0.0029,1.0782,0.2815
E02006800,0.9985,0.0000,5436.0000,0.0015,-2.3878,0.0173
E02006801,0.9922,0.0000,25340.0000,0.0000,2.7154,0.0069
E02006802,0.9947,0.0000,8648.0000,0.0000,-4.6865,0.0000
E02006836,0.9978,0.0000,4296.0000,0.0074,1.4471,0.1485
E02006853,0.9941,0.0000,8929.0000,0.0000,1.8747,0.0615
E02006854,0.9924,0.0000,590.0000,0.0000,-8.2773,0.0000
E02006882,0.9990,0.0000,183.0000,0.0000,-4.6982,0.0000
E02006918,0.9958,0.0000,15144.0000,0.1099,0.2310,0.8174
E02006921,0.9961,0.0000,8908.0000,0.0003,2.9273,0.0036
E02006924,0.9975,0.0000,6706.0000,0.0000,-1.8092,0.0711
E02006925,0.9987,0.0000,3414.0000,0.3139,0.8671,0.3863
E02006927,0.9981,0.0000,3525.0000,0.0000,4.9772,0.0000
E02006928,0.9951,0.0000,16345.0000,0.0000,2.7063,0.0071
E02006929,0.9959,0.0000,9407.0000,0.0000,-4.3310,0.0000
E02006930,0.9960,0.0000,10769.0000,0.0012,-0.8574,0.3917
E02006931,0.9969,0.0000,26019.0000,0.0000,1.5949,0.1114
